,cid,week,day,time,use,sid,gu
8454,43,1,1006,17,1,50130009,표선면
8455,43,1,1006,18,0,50130009,표선면
8456,43,1,1006,19,1,50130009,표선면
8457,43,1,1006,19,0,50130009,표선면
8458,43,1,1006,20,0,50130009,표선면
8459,43,1,1006,21,0,50130009,표선면
8460,43,1,1006,22,0,50130009,표선면
8461,43,1,1006,23,0,50130009,표선면
8462,43,2,1007,0,0,50130009,표선면
8463,43,2,1007,1,0,50130009,표선면
8464,43,2,1007,2,0,50130009,표선면
8465,43,2,1007,3,0,50130009,표선면
8466,43,2,1007,4,0,50130009,표선면
8467,43,2,1007,5,0,50130009,표선면
8468,43,2,1007,6,0,50130009,표선면
8469,43,2,1007,7,0,50130009,표선면
8470,43,2,1007,8,0,50130009,표선면
8471,43,2,1007,9,1,50130009,표선면
8472,43,2,1007,10,0,50130009,표선면
8473,43,2,1007,11,1,50130009,표선면
8474,43,2,1007,11,0,50130009,표선면
8475,43,2,1007,12,1,50130009,표선면
8476,43,2,1007,13,1,50130009,표선면
8477,43,2,1007,13,0,50130009,표선면
8478,43,2,1007,14,0,50130009,표선면
8479,43,2,1007,15,0,50130009,표선면
8480,43,2,1007,16,0,50130009,표선면
8481,43,2,1007,17,1,50130009,표선면
8482,43,2,1007,18,1,50130009,표선면
8483,43,2,1007,18,0,50130009,표선면
8484,43,2,1007,19,1,50130009,표선면
8485,43,2,1007,19,0,50130009,표선면
8486,43,2,1007,20,0,50130009,표선면
8487,43,2,1007,21,0,50130009,표선면
8488,43,2,1007,22,0,50130009,표선면
8489,43,2,1007,23,0,50130009,표선면
8490,43,3,1008,0,0,50130009,표선면
8491,43,3,1008,1,0,50130009,표선면
8492,43,3,1008,2,0,50130009,표선면
8493,43,3,1008,3,0,50130009,표선면
8494,43,3,1008,4,0,50130009,표선면
8495,43,3,1008,5,1,50130009,표선면
8496,43,3,1008,6,0,50130009,표선면
8497,43,3,1008,7,0,50130009,표선면
8498,43,3,1008,8,0,50130009,표선면
8499,43,3,1008,9,0,50130009,표선면
8500,43,3,1008,10,1,50130009,표선면
8501,43,3,1008,10,0,50130009,표선면
8502,43,3,1008,11,1,50130009,표선면
8503,43,3,1008,11,0,50130009,표선면
8504,43,3,1008,12,0,50130009,표선면
8505,43,3,1008,13,1,50130009,표선면
8506,43,3,1008,13,1,50130009,표선면
8507,43,3,1008,13,0,50130009,표선면
8508,43,3,1008,14,0,50130009,표선면
8509,43,3,1008,15,0,50130009,표선면
8510,43,3,1008,16,0,50130009,표선면
8511,43,3,1008,17,0,50130009,표선면
8512,43,3,1008,18,0,50130009,표선면
8513,43,3,1008,19,0,50130009,표선면
8514,43,3,1008,20,0,50130009,표선면
8515,43,3,1008,21,0,50130009,표선면
8516,43,3,1008,22,0,50130009,표선면
8517,43,3,1008,23,0,50130009,표선면
8518,43,4,1009,0,0,50130009,표선면
8519,43,4,1009,1,0,50130009,표선면
8520,43,4,1009,2,0,50130009,표선면
8521,43,4,1009,3,0,50130009,표선면
8522,43,4,1009,4,0,50130009,표선면
8523,43,4,1009,5,0,50130009,표선면
8524,43,4,1009,6,0,50130009,표선면
8525,43,4,1009,7,0,50130009,표선면
8526,43,4,1009,8,0,50130009,표선면
8527,43,4,1009,9,0,50130009,표선면
8528,43,4,1009,10,0,50130009,표선면
8529,43,4,1009,11,0,50130009,표선면
8530,43,4,1009,12,0,50130009,표선면
8531,43,4,1009,13,0,50130009,표선면
8532,43,4,1009,14,0,50130009,표선면
8533,43,4,1009,15,0,50130009,표선면
8534,43,4,1009,16,0,50130009,표선면
8535,43,4,1009,17,0,50130009,표선면
8536,43,4,1009,18,0,50130009,표선면
8537,43,4,1009,19,0,50130009,표선면
8538,43,4,1009,20,0,50130009,표선면
8539,43,4,1009,21,0,50130009,표선면
8540,43,4,1009,22,0,50130009,표선면
8541,43,4,1009,23,0,50130009,표선면
8542,43,5,1010,0,0,50130009,표선면
8543,43,5,1010,1,0,50130009,표선면
8544,43,5,1010,2,0,50130009,표선면
8545,43,5,1010,3,0,50130009,표선면
8546,43,5,1010,4,0,50130009,표선면
8547,43,5,1010,5,0,50130009,표선면
8548,43,5,1010,6,0,50130009,표선면
8549,43,5,1010,7,0,50130009,표선면
8550,43,5,1010,8,0,50130009,표선면
8551,43,5,1010,9,0,50130009,표선면
8552,43,5,1010,10,0,50130009,표선면
8553,43,5,1010,11,0,50130009,표선면
8554,43,5,1010,12,0,50130009,표선면
8555,43,5,1010,13,0,50130009,표선면
8556,43,5,1010,14,0,50130009,표선면
8557,43,5,1010,15,0,50130009,표선면
8558,43,5,1010,16,0,50130009,표선면
8559,43,5,1010,17,0,50130009,표선면
8560,43,5,1010,18,0,50130009,표선면
8561,43,5,1010,19,0,50130009,표선면
8562,43,5,1010,20,0,50130009,표선면
8563,43,5,1010,21,0,50130009,표선면
8564,43,5,1010,22,0,50130009,표선면
8565,43,5,1010,23,0,50130009,표선면
8566,43,6,1011,0,0,50130009,표선면
8567,43,6,1011,1,0,50130009,표선면
8568,43,6,1011,2,0,50130009,표선면
8569,43,6,1011,3,0,50130009,표선면
8570,43,6,1011,4,0,50130009,표선면
8571,43,6,1011,5,0,50130009,표선면
8572,43,6,1011,6,0,50130009,표선면
8573,43,6,1011,7,0,50130009,표선면
8574,43,6,1011,8,0,50130009,표선면
8575,43,6,1011,9,0,50130009,표선면
8576,43,6,1011,10,0,50130009,표선면
8577,43,6,1011,11,0,50130009,표선면
8578,43,6,1011,12,0,50130009,표선면
8579,43,6,1011,13,0,50130009,표선면
8580,43,6,1011,14,0,50130009,표선면
8581,43,6,1011,15,0,50130009,표선면
8582,43,6,1011,16,0,50130009,표선면
8583,43,6,1011,17,0,50130009,표선면
8584,43,6,1011,18,0,50130009,표선면
8585,43,6,1011,19,0,50130009,표선면
8586,43,6,1011,20,0,50130009,표선면
8587,43,6,1011,21,0,50130009,표선면
8588,43,6,1011,22,0,50130009,표선면
8589,43,6,1011,23,0,50130009,표선면
8590,43,0,1012,0,0,50130009,표선면
8591,43,0,1012,1,0,50130009,표선면
8592,43,0,1012,2,0,50130009,표선면
8593,43,0,1012,3,0,50130009,표선면
8594,43,0,1012,4,0,50130009,표선면
8595,43,0,1012,5,0,50130009,표선면
8596,43,0,1012,6,0,50130009,표선면
8597,43,0,1012,7,0,50130009,표선면
8598,43,0,1012,8,0,50130009,표선면
8599,43,0,1012,9,0,50130009,표선면
8600,43,0,1012,10,0,50130009,표선면
8601,43,0,1012,11,0,50130009,표선면
8602,43,0,1012,12,0,50130009,표선면
8603,43,0,1012,13,0,50130009,표선면
8604,43,0,1012,14,0,50130009,표선면
8605,43,0,1012,15,0,50130009,표선면
8606,43,0,1012,16,0,50130009,표선면
8607,43,0,1012,17,1,50130009,표선면
8608,43,0,1012,17,0,50130009,표선면
8609,43,0,1012,18,1,50130009,표선면
8610,43,0,1012,18,0,50130009,표선면
8611,43,0,1012,19,0,50130009,표선면
8612,43,0,1012,20,0,50130009,표선면
8613,43,0,1012,21,0,50130009,표선면
8614,43,0,1012,22,0,50130009,표선면
8615,43,0,1012,23,0,50130009,표선면
8616,43,1,1013,0,0,50130009,표선면
8617,43,1,1013,1,0,50130009,표선면
8618,43,1,1013,2,0,50130009,표선면
8619,43,1,1013,3,0,50130009,표선면
8620,43,1,1013,4,0,50130009,표선면
8621,43,1,1013,5,0,50130009,표선면
8622,43,1,1013,6,0,50130009,표선면
8623,43,1,1013,7,0,50130009,표선면
8624,43,1,1013,8,0,50130009,표선면
8625,43,1,1013,9,0,50130009,표선면
8626,43,1,1013,10,0,50130009,표선면
8627,43,1,1013,11,0,50130009,표선면
8628,43,1,1013,12,0,50130009,표선면
8629,43,1,1013,13,1,50130009,표선면
8630,43,1,1013,13,0,50130009,표선면
8631,43,1,1013,14,0,50130009,표선면
8632,43,1,1013,15,0,50130009,표선면
8633,43,1,1013,16,1,50130009,표선면
8634,43,1,1013,17,0,50130009,표선면
8635,43,1,1013,18,1,50130009,표선면
8636,43,1,1013,18,0,50130009,표선면
8637,43,1,1013,19,0,50130009,표선면
8638,43,1,1013,20,0,50130009,표선면
8639,43,1,1013,21,1,50130009,표선면
8640,43,1,1013,22,0,50130009,표선면
8641,43,1,1013,23,0,50130009,표선면
8642,43,2,1014,0,0,50130009,표선면
8643,43,2,1014,1,0,50130009,표선면
8644,43,2,1014,2,0,50130009,표선면
8645,43,2,1014,3,0,50130009,표선면
8646,43,2,1014,4,0,50130009,표선면
8647,43,2,1014,5,0,50130009,표선면
8648,43,2,1014,6,0,50130009,표선면
8649,43,2,1014,7,0,50130009,표선면
8650,43,2,1014,8,0,50130009,표선면
8651,43,2,1014,9,0,50130009,표선면
8652,43,2,1014,10,0,50130009,표선면
8653,43,2,1014,11,0,50130009,표선면
8654,43,2,1014,12,0,50130009,표선면
8655,43,2,1014,13,0,50130009,표선면
8656,43,2,1014,14,0,50130009,표선면
8657,43,2,1014,15,1,50130009,표선면
8658,43,2,1014,16,0,50130009,표선면
8659,43,2,1014,17,0,50130009,표선면
8660,43,2,1014,18,0,50130009,표선면
8661,43,2,1014,19,0,50130009,표선면
8662,43,2,1014,20,0,50130009,표선면
8663,43,2,1014,21,0,50130009,표선면
8664,43,2,1014,22,0,50130009,표선면
8665,43,2,1014,23,0,50130009,표선면
8666,43,3,1015,0,0,50130009,표선면
8667,43,3,1015,1,0,50130009,표선면
8668,43,3,1015,2,0,50130009,표선면
8669,43,3,1015,3,0,50130009,표선면
8670,43,3,1015,4,0,50130009,표선면
8671,43,3,1015,5,0,50130009,표선면
8672,43,3,1015,6,0,50130009,표선면
8673,43,3,1015,7,0,50130009,표선면
8674,43,3,1015,8,0,50130009,표선면
8675,43,3,1015,9,0,50130009,표선면
8676,43,3,1015,10,0,50130009,표선면
8677,43,3,1015,11,0,50130009,표선면
8678,43,3,1015,12,0,50130009,표선면
8679,43,3,1015,13,1,50130009,표선면
8680,43,3,1015,13,0,50130009,표선면
8681,43,3,1015,14,0,50130009,표선면
8682,43,3,1015,15,0,50130009,표선면
8683,43,3,1015,16,1,50130009,표선면
8684,43,3,1015,16,0,50130009,표선면
8685,43,3,1015,17,0,50130009,표선면
8686,43,3,1015,18,1,50130009,표선면
8687,43,3,1015,19,0,50130009,표선면
8688,43,3,1015,20,0,50130009,표선면
8689,43,3,1015,21,0,50130009,표선면
8690,43,3,1015,22,1,50130009,표선면
8691,43,3,1015,23,1,50130009,표선면
8692,43,3,1015,23,0,50130009,표선면
8693,43,4,1016,0,0,50130009,표선면
8694,43,4,1016,1,0,50130009,표선면
8695,43,4,1016,2,0,50130009,표선면
8696,43,4,1016,3,0,50130009,표선면
8697,43,4,1016,4,0,50130009,표선면
8698,43,4,1016,5,0,50130009,표선면
8699,43,4,1016,6,0,50130009,표선면
8700,43,4,1016,7,0,50130009,표선면
8701,43,4,1016,8,0,50130009,표선면
8702,43,4,1016,9,0,50130009,표선면
8703,43,4,1016,10,0,50130009,표선면
8704,43,4,1016,11,0,50130009,표선면
8705,43,4,1016,12,0,50130009,표선면
8706,43,4,1016,13,1,50130009,표선면
8707,43,4,1016,14,1,50130009,표선면
8708,43,4,1016,14,0,50130009,표선면
8709,43,4,1016,15,0,50130009,표선면
9010,46,1,1006,16,1,50130018,성산읍
9011,46,1,1006,16,0,50130018,성산읍
9012,46,1,1006,17,0,50130018,성산읍
9013,46,1,1006,18,0,50130018,성산읍
9014,46,1,1006,19,0,50130018,성산읍
9015,46,1,1006,20,0,50130018,성산읍
9016,46,1,1006,21,0,50130018,성산읍
9017,46,1,1006,22,0,50130018,성산읍
9018,46,1,1006,23,0,50130018,성산읍
9019,46,2,1007,0,0,50130018,성산읍
9020,46,2,1007,1,0,50130018,성산읍
9021,46,2,1007,2,0,50130018,성산읍
9022,46,2,1007,3,0,50130018,성산읍
9023,46,2,1007,4,0,50130018,성산읍
9024,46,2,1007,5,0,50130018,성산읍
9025,46,2,1007,6,0,50130018,성산읍
9026,46,2,1007,7,0,50130018,성산읍
9027,46,2,1007,8,0,50130018,성산읍
9028,46,2,1007,9,0,50130018,성산읍
9029,46,2,1007,10,0,50130018,성산읍
9030,46,2,1007,11,0,50130018,성산읍
9031,46,2,1007,12,0,50130018,성산읍
9032,46,2,1007,13,0,50130018,성산읍
9033,46,2,1007,14,0,50130018,성산읍
9034,46,2,1007,15,0,50130018,성산읍
9035,46,2,1007,16,0,50130018,성산읍
9036,46,2,1007,17,0,50130018,성산읍
9037,46,2,1007,18,0,50130018,성산읍
9038,46,2,1007,19,0,50130018,성산읍
9039,46,2,1007,20,0,50130018,성산읍
9040,46,2,1007,21,0,50130018,성산읍
9041,46,2,1007,22,0,50130018,성산읍
9042,46,2,1007,23,0,50130018,성산읍
9043,46,3,1008,0,0,50130018,성산읍
9044,46,3,1008,1,0,50130018,성산읍
9045,46,3,1008,2,0,50130018,성산읍
9046,46,3,1008,3,0,50130018,성산읍
9047,46,3,1008,4,0,50130018,성산읍
9048,46,3,1008,5,0,50130018,성산읍
9049,46,3,1008,6,0,50130018,성산읍
9050,46,3,1008,7,0,50130018,성산읍
9051,46,3,1008,8,0,50130018,성산읍
9052,46,3,1008,9,0,50130018,성산읍
9053,46,3,1008,10,0,50130018,성산읍
9054,46,3,1008,11,1,50130018,성산읍
9055,46,3,1008,12,0,50130018,성산읍
9510,49,1,1006,19,1,50130051,표선면
9511,49,1,1006,20,0,50130051,표선면
9512,49,1,1006,21,0,50130051,표선면
9513,49,1,1006,22,0,50130051,표선면
9514,49,1,1006,23,0,50130051,표선면
9515,49,2,1007,0,0,50130051,표선면
9516,49,2,1007,1,0,50130051,표선면
9517,49,2,1007,2,0,50130051,표선면
9518,49,2,1007,3,0,50130051,표선면
9519,49,2,1007,4,0,50130051,표선면
9520,49,2,1007,5,0,50130051,표선면
9521,49,2,1007,6,0,50130051,표선면
9522,49,2,1007,7,0,50130051,표선면
9523,49,2,1007,8,0,50130051,표선면
9524,49,2,1007,9,0,50130051,표선면
9525,49,2,1007,10,0,50130051,표선면
9526,49,2,1007,11,0,50130051,표선면
9527,49,2,1007,12,1,50130051,표선면
9528,49,2,1007,13,0,50130051,표선면
9529,49,2,1007,14,1,50130051,표선면
9530,49,2,1007,14,0,50130051,표선면
9531,49,2,1007,15,0,50130051,표선면
9532,49,2,1007,16,1,50130051,표선면
9533,49,2,1007,17,0,50130051,표선면
9534,49,2,1007,18,0,50130051,표선면
9535,49,2,1007,19,0,50130051,표선면
9536,49,2,1007,20,0,50130051,표선면
9537,49,2,1007,21,1,50130051,표선면
9538,49,2,1007,22,0,50130051,표선면
9539,49,2,1007,23,0,50130051,표선면
9540,49,3,1008,0,0,50130051,표선면
9541,49,3,1008,1,0,50130051,표선면
9542,49,3,1008,2,0,50130051,표선면
9543,49,3,1008,3,0,50130051,표선면
9544,49,3,1008,4,0,50130051,표선면
9545,49,3,1008,5,0,50130051,표선면
9546,49,3,1008,6,0,50130051,표선면
9547,49,3,1008,7,0,50130051,표선면
9548,49,3,1008,8,0,50130051,표선면
9549,49,3,1008,9,1,50130051,표선면
9550,49,3,1008,10,0,50130051,표선면
9551,49,3,1008,11,0,50130051,표선면
9552,49,3,1008,12,1,50130051,표선면
9553,49,3,1008,13,0,50130051,표선면
9554,49,3,1008,14,0,50130051,표선면
9555,49,3,1008,15,0,50130051,표선면
9556,49,3,1008,16,0,50130051,표선면
9557,49,3,1008,17,0,50130051,표선면
9558,49,3,1008,18,0,50130051,표선면
9559,49,3,1008,19,0,50130051,표선면
9560,49,3,1008,20,0,50130051,표선면
9561,49,3,1008,21,0,50130051,표선면
9562,49,3,1008,22,0,50130051,표선면
9563,49,3,1008,23,0,50130051,표선면
9564,49,4,1009,0,0,50130051,표선면
9565,49,4,1009,1,0,50130051,표선면
9566,49,4,1009,2,0,50130051,표선면
9567,49,4,1009,3,0,50130051,표선면
9568,49,4,1009,4,0,50130051,표선면
9569,49,4,1009,5,0,50130051,표선면
9570,49,4,1009,6,0,50130051,표선면
9571,49,4,1009,7,0,50130051,표선면
9572,49,4,1009,8,0,50130051,표선면
9573,49,4,1009,9,0,50130051,표선면
9574,49,4,1009,10,0,50130051,표선면
9575,49,4,1009,11,0,50130051,표선면
9576,49,4,1009,12,0,50130051,표선면
9577,49,4,1009,13,0,50130051,표선면
9578,49,4,1009,14,0,50130051,표선면
9579,49,4,1009,15,0,50130051,표선면
9580,49,4,1009,16,0,50130051,표선면
9581,49,4,1009,17,0,50130051,표선면
9582,49,4,1009,18,0,50130051,표선면
9583,49,4,1009,19,0,50130051,표선면
9584,49,4,1009,20,0,50130051,표선면
9585,49,4,1009,21,0,50130051,표선면
9586,49,4,1009,22,0,50130051,표선면
9587,49,4,1009,23,0,50130051,표선면
9588,49,5,1010,0,0,50130051,표선면
9589,49,5,1010,1,0,50130051,표선면
9590,49,5,1010,2,0,50130051,표선면
9591,49,5,1010,3,0,50130051,표선면
9592,49,5,1010,4,0,50130051,표선면
9593,49,5,1010,5,0,50130051,표선면
9594,49,5,1010,6,0,50130051,표선면
9595,49,5,1010,7,0,50130051,표선면
9596,49,5,1010,8,0,50130051,표선면
9597,49,5,1010,9,0,50130051,표선면
9598,49,5,1010,10,0,50130051,표선면
9599,49,5,1010,11,0,50130051,표선면
9600,49,5,1010,12,0,50130051,표선면
9601,49,5,1010,13,0,50130051,표선면
9602,49,5,1010,14,0,50130051,표선면
9603,49,5,1010,15,0,50130051,표선면
9604,49,5,1010,16,0,50130051,표선면
9605,49,5,1010,17,0,50130051,표선면
9606,49,5,1010,18,0,50130051,표선면
9607,49,5,1010,19,0,50130051,표선면
9608,49,5,1010,20,0,50130051,표선면
9609,49,5,1010,21,0,50130051,표선면
9610,49,5,1010,22,0,50130051,표선면
9611,49,5,1010,23,0,50130051,표선면
9612,49,6,1011,0,0,50130051,표선면
9613,49,6,1011,1,0,50130051,표선면
9614,49,6,1011,2,0,50130051,표선면
9615,49,6,1011,3,0,50130051,표선면
9616,49,6,1011,4,0,50130051,표선면
9617,49,6,1011,5,0,50130051,표선면
9618,49,6,1011,6,0,50130051,표선면
9619,49,6,1011,7,0,50130051,표선면
9620,49,6,1011,8,0,50130051,표선면
9621,49,6,1011,9,0,50130051,표선면
9622,49,6,1011,10,0,50130051,표선면
9623,49,6,1011,11,0,50130051,표선면
9624,49,6,1011,12,0,50130051,표선면
9625,49,6,1011,13,0,50130051,표선면
9626,49,6,1011,14,0,50130051,표선면
9627,49,6,1011,15,0,50130051,표선면
9628,49,6,1011,16,0,50130051,표선면
9629,49,6,1011,17,0,50130051,표선면
9630,49,6,1011,18,0,50130051,표선면
9631,49,6,1011,19,0,50130051,표선면
9632,49,6,1011,20,0,50130051,표선면
9633,49,6,1011,21,0,50130051,표선면
9634,49,6,1011,22,0,50130051,표선면
9635,49,6,1011,23,0,50130051,표선면
9636,49,0,1012,0,0,50130051,표선면
9637,49,0,1012,1,0,50130051,표선면
9638,49,0,1012,2,0,50130051,표선면
9639,49,0,1012,3,0,50130051,표선면
9640,49,0,1012,4,0,50130051,표선면
9641,49,0,1012,5,0,50130051,표선면
9642,49,0,1012,6,0,50130051,표선면
9643,49,0,1012,7,0,50130051,표선면
9644,49,0,1012,8,0,50130051,표선면
9645,49,0,1012,9,0,50130051,표선면
9646,49,0,1012,10,0,50130051,표선면
9647,49,0,1012,11,0,50130051,표선면
9648,49,0,1012,12,0,50130051,표선면
9649,49,0,1012,13,0,50130051,표선면
9650,49,0,1012,14,0,50130051,표선면
9651,49,0,1012,15,0,50130051,표선면
9652,49,0,1012,16,0,50130051,표선면
9653,49,0,1012,17,0,50130051,표선면
9654,49,0,1012,18,0,50130051,표선면
9655,49,0,1012,19,0,50130051,표선면
9656,49,0,1012,20,0,50130051,표선면
9657,49,0,1012,21,0,50130051,표선면
9658,49,0,1012,22,0,50130051,표선면
9659,49,0,1012,23,0,50130051,표선면
9660,49,1,1013,0,0,50130051,표선면
9661,49,1,1013,1,0,50130051,표선면
9662,49,1,1013,2,0,50130051,표선면
9663,49,1,1013,3,0,50130051,표선면
9664,49,1,1013,4,0,50130051,표선면
9665,49,1,1013,5,0,50130051,표선면
9666,49,1,1013,6,0,50130051,표선면
9667,49,1,1013,7,0,50130051,표선면
9668,49,1,1013,8,0,50130051,표선면
9669,49,1,1013,9,0,50130051,표선면
9670,49,1,1013,10,0,50130051,표선면
9671,49,1,1013,11,0,50130051,표선면
9672,49,1,1013,12,0,50130051,표선면
9673,49,1,1013,13,0,50130051,표선면
9674,49,1,1013,14,0,50130051,표선면
9675,49,1,1013,15,0,50130051,표선면
9676,49,1,1013,16,0,50130051,표선면
9677,49,1,1013,17,0,50130051,표선면
9678,49,1,1013,18,0,50130051,표선면
9679,49,1,1013,19,0,50130051,표선면
9680,49,1,1013,20,0,50130051,표선면
9681,49,1,1013,21,0,50130051,표선면
9682,49,1,1013,22,0,50130051,표선면
9683,49,1,1013,23,0,50130051,표선면
9684,49,2,1014,0,0,50130051,표선면
9685,49,2,1014,1,0,50130051,표선면
9686,49,2,1014,2,0,50130051,표선면
9687,49,2,1014,3,0,50130051,표선면
9688,49,2,1014,4,0,50130051,표선면
9689,49,2,1014,5,0,50130051,표선면
9690,49,2,1014,6,0,50130051,표선면
9691,49,2,1014,7,0,50130051,표선면
9692,49,2,1014,8,0,50130051,표선면
9693,49,2,1014,9,0,50130051,표선면
9694,49,2,1014,10,0,50130051,표선면
9695,49,2,1014,11,0,50130051,표선면
9696,49,2,1014,12,0,50130051,표선면
9697,49,2,1014,13,0,50130051,표선면
9698,49,2,1014,14,0,50130051,표선면
9699,49,2,1014,15,0,50130051,표선면
9700,49,2,1014,16,0,50130051,표선면
9701,49,2,1014,17,0,50130051,표선면
9702,49,2,1014,18,0,50130051,표선면
9703,49,2,1014,19,0,50130051,표선면
9704,49,2,1014,20,0,50130051,표선면
9705,49,2,1014,21,0,50130051,표선면
9706,49,2,1014,22,0,50130051,표선면
9707,49,2,1014,23,0,50130051,표선면
9708,49,3,1015,0,0,50130051,표선면
9709,49,3,1015,1,0,50130051,표선면
9710,49,3,1015,2,0,50130051,표선면
9711,49,3,1015,3,0,50130051,표선면
9712,49,3,1015,4,0,50130051,표선면
9713,49,3,1015,5,0,50130051,표선면
9714,49,3,1015,6,0,50130051,표선면
9715,49,3,1015,7,0,50130051,표선면
9716,49,3,1015,8,0,50130051,표선면
9717,49,3,1015,9,0,50130051,표선면
9718,49,3,1015,10,0,50130051,표선면
9719,49,3,1015,11,0,50130051,표선면
9720,49,3,1015,12,0,50130051,표선면
9721,49,3,1015,13,0,50130051,표선면
9722,49,3,1015,14,0,50130051,표선면
9723,49,3,1015,15,0,50130051,표선면
9724,49,3,1015,16,1,50130051,표선면
9725,49,3,1015,17,0,50130051,표선면
9726,49,3,1015,18,0,50130051,표선면
9727,49,3,1015,19,0,50130051,표선면
9728,49,3,1015,20,0,50130051,표선면
9729,49,3,1015,21,0,50130051,표선면
9730,49,3,1015,22,0,50130051,표선면
9731,49,3,1015,23,0,50130051,표선면
9732,49,4,1016,0,0,50130051,표선면
10656,54,1,1006,16,1,50130059,표선면
10657,54,1,1006,16,1,50130059,표선면
10658,54,1,1006,16,0,50130059,표선면
10659,54,1,1006,17,0,50130059,표선면
10660,54,1,1006,18,1,50130059,표선면
10661,54,1,1006,19,0,50130059,표선면
10662,54,1,1006,20,0,50130059,표선면
10663,54,1,1006,21,0,50130059,표선면
10664,54,1,1006,22,0,50130059,표선면
10665,54,1,1006,23,1,50130059,표선면
10666,54,2,1007,0,0,50130059,표선면
10667,54,2,1007,1,0,50130059,표선면
10668,54,2,1007,2,0,50130059,표선면
10669,54,2,1007,3,0,50130059,표선면
10670,54,2,1007,4,0,50130059,표선면
10671,54,2,1007,5,0,50130059,표선면
10672,54,2,1007,6,0,50130059,표선면
10673,54,2,1007,7,1,50130059,표선면
10674,54,2,1007,8,1,50130059,표선면
10675,54,2,1007,8,0,50130059,표선면
10676,54,2,1007,9,1,50130059,표선면
10677,54,2,1007,9,0,50130059,표선면
10678,54,2,1007,10,0,50130059,표선면
10679,54,2,1007,11,0,50130059,표선면
10680,54,2,1007,12,0,50130059,표선면
10681,54,2,1007,13,0,50130059,표선면
10682,54,2,1007,14,0,50130059,표선면
10683,54,2,1007,15,0,50130059,표선면
10684,54,2,1007,16,1,50130059,표선면
10685,54,2,1007,17,0,50130059,표선면
10686,54,2,1007,18,1,50130059,표선면
10687,54,2,1007,19,0,50130059,표선면
10688,54,2,1007,20,0,50130059,표선면
10689,54,2,1007,21,0,50130059,표선면
10690,54,2,1007,22,0,50130059,표선면
10691,54,2,1007,23,0,50130059,표선면
10692,54,3,1008,0,0,50130059,표선면
10693,54,3,1008,1,0,50130059,표선면
10694,54,3,1008,2,0,50130059,표선면
10695,54,3,1008,3,0,50130059,표선면
10696,54,3,1008,4,0,50130059,표선면
10697,54,3,1008,5,0,50130059,표선면
10698,54,3,1008,6,0,50130059,표선면
10699,54,3,1008,7,0,50130059,표선면
10700,54,3,1008,8,0,50130059,표선면
10701,54,3,1008,9,0,50130059,표선면
10702,54,3,1008,10,1,50130059,표선면
10703,54,3,1008,10,0,50130059,표선면
10704,54,3,1008,11,0,50130059,표선면
10705,54,3,1008,12,1,50130059,표선면
10706,54,3,1008,12,0,50130059,표선면
10707,54,3,1008,13,0,50130059,표선면
10708,54,3,1008,14,0,50130059,표선면
10709,54,3,1008,15,0,50130059,표선면
10710,54,3,1008,16,0,50130059,표선면
10711,54,3,1008,17,0,50130059,표선면
10712,54,3,1008,18,0,50130059,표선면
10713,54,3,1008,19,0,50130059,표선면
10714,54,3,1008,20,0,50130059,표선면
10715,54,3,1008,21,0,50130059,표선면
10716,54,3,1008,22,0,50130059,표선면
10717,54,3,1008,23,0,50130059,표선면
10718,54,4,1009,0,0,50130059,표선면
10719,54,4,1009,1,0,50130059,표선면
10720,54,4,1009,2,0,50130059,표선면
10721,54,4,1009,3,0,50130059,표선면
10722,54,4,1009,4,0,50130059,표선면
10723,54,4,1009,5,0,50130059,표선면
10724,54,4,1009,6,0,50130059,표선면
10725,54,4,1009,7,0,50130059,표선면
10726,54,4,1009,8,0,50130059,표선면
10727,54,4,1009,9,0,50130059,표선면
10728,54,4,1009,10,0,50130059,표선면
10729,54,4,1009,11,0,50130059,표선면
10730,54,4,1009,12,0,50130059,표선면
10731,54,4,1009,13,0,50130059,표선면
10732,54,4,1009,14,0,50130059,표선면
10733,54,4,1009,15,0,50130059,표선면
10734,54,4,1009,16,0,50130059,표선면
10735,54,4,1009,17,0,50130059,표선면
10736,54,4,1009,18,0,50130059,표선면
10737,54,4,1009,19,0,50130059,표선면
10738,54,4,1009,20,0,50130059,표선면
10739,54,4,1009,21,0,50130059,표선면
10740,54,4,1009,22,0,50130059,표선면
10741,54,4,1009,23,0,50130059,표선면
10742,54,5,1010,0,0,50130059,표선면
10743,54,5,1010,1,0,50130059,표선면
10744,54,5,1010,2,0,50130059,표선면
10745,54,5,1010,3,0,50130059,표선면
10746,54,5,1010,4,0,50130059,표선면
10747,54,5,1010,5,0,50130059,표선면
10748,54,5,1010,6,0,50130059,표선면
10749,54,5,1010,7,0,50130059,표선면
10750,54,5,1010,8,0,50130059,표선면
10751,54,5,1010,9,0,50130059,표선면
10752,54,5,1010,10,0,50130059,표선면
10753,54,5,1010,11,0,50130059,표선면
10754,54,5,1010,12,0,50130059,표선면
10755,54,5,1010,13,0,50130059,표선면
10756,54,5,1010,14,0,50130059,표선면
10757,54,5,1010,15,0,50130059,표선면
10758,54,5,1010,16,0,50130059,표선면
10759,54,5,1010,17,0,50130059,표선면
10760,54,5,1010,18,0,50130059,표선면
10761,54,5,1010,19,0,50130059,표선면
10762,54,5,1010,20,0,50130059,표선면
10763,54,5,1010,21,0,50130059,표선면
10764,54,5,1010,22,0,50130059,표선면
10765,54,5,1010,23,0,50130059,표선면
10766,54,6,1011,0,0,50130059,표선면
10767,54,6,1011,1,0,50130059,표선면
10768,54,6,1011,2,0,50130059,표선면
10769,54,6,1011,3,0,50130059,표선면
10770,54,6,1011,4,0,50130059,표선면
10771,54,6,1011,5,0,50130059,표선면
10772,54,6,1011,6,0,50130059,표선면
10773,54,6,1011,7,0,50130059,표선면
10774,54,6,1011,8,0,50130059,표선면
10775,54,6,1011,9,0,50130059,표선면
10776,54,6,1011,10,0,50130059,표선면
10777,54,6,1011,11,0,50130059,표선면
10778,54,6,1011,12,0,50130059,표선면
10779,54,6,1011,13,0,50130059,표선면
10780,54,6,1011,14,0,50130059,표선면
10781,54,6,1011,15,0,50130059,표선면
10782,54,6,1011,16,0,50130059,표선면
10783,54,6,1011,17,0,50130059,표선면
10784,54,6,1011,18,0,50130059,표선면
10785,54,6,1011,19,0,50130059,표선면
10786,54,6,1011,20,0,50130059,표선면
10787,54,6,1011,21,0,50130059,표선면
10788,54,6,1011,22,0,50130059,표선면
10789,54,6,1011,23,0,50130059,표선면
10790,54,0,1012,0,0,50130059,표선면
10791,54,0,1012,1,0,50130059,표선면
10792,54,0,1012,2,0,50130059,표선면
10793,54,0,1012,3,0,50130059,표선면
10794,54,0,1012,4,0,50130059,표선면
10795,54,0,1012,5,0,50130059,표선면
10796,54,0,1012,6,0,50130059,표선면
10797,54,0,1012,7,0,50130059,표선면
10798,54,0,1012,8,0,50130059,표선면
10799,54,0,1012,9,0,50130059,표선면
10800,54,0,1012,10,0,50130059,표선면
10801,54,0,1012,11,0,50130059,표선면
10802,54,0,1012,12,0,50130059,표선면
10803,54,0,1012,13,0,50130059,표선면
10804,54,0,1012,14,0,50130059,표선면
10805,54,0,1012,15,1,50130059,표선면
10806,54,0,1012,16,0,50130059,표선면
10807,54,0,1012,17,0,50130059,표선면
10808,54,0,1012,18,0,50130059,표선면
10809,54,0,1012,19,0,50130059,표선면
10810,54,0,1012,20,1,50130059,표선면
10811,54,0,1012,21,0,50130059,표선면
10812,54,0,1012,22,0,50130059,표선면
10813,54,0,1012,23,0,50130059,표선면
10814,54,1,1013,0,0,50130059,표선면
10815,54,1,1013,1,0,50130059,표선면
10816,54,1,1013,2,0,50130059,표선면
10817,54,1,1013,3,0,50130059,표선면
10818,54,1,1013,4,0,50130059,표선면
10819,54,1,1013,5,0,50130059,표선면
10820,54,1,1013,6,0,50130059,표선면
10821,54,1,1013,7,0,50130059,표선면
10822,54,1,1013,8,0,50130059,표선면
10823,54,1,1013,9,1,50130059,표선면
10824,54,1,1013,10,0,50130059,표선면
10825,54,1,1013,11,0,50130059,표선면
10826,54,1,1013,12,0,50130059,표선면
10827,54,1,1013,13,0,50130059,표선면
10828,54,1,1013,14,1,50130059,표선면
10829,54,1,1013,15,0,50130059,표선면
10830,54,1,1013,16,0,50130059,표선면
10831,54,1,1013,17,0,50130059,표선면
10832,54,1,1013,18,1,50130059,표선면
10833,54,1,1013,19,0,50130059,표선면
10834,54,1,1013,20,0,50130059,표선면
10835,54,1,1013,21,0,50130059,표선면
10836,54,1,1013,22,0,50130059,표선면
10837,54,1,1013,23,0,50130059,표선면
10838,54,2,1014,0,0,50130059,표선면
10839,54,2,1014,1,0,50130059,표선면
10840,54,2,1014,2,0,50130059,표선면
10841,54,2,1014,3,0,50130059,표선면
10842,54,2,1014,4,0,50130059,표선면
10843,54,2,1014,5,0,50130059,표선면
10844,54,2,1014,6,0,50130059,표선면
10845,54,2,1014,7,0,50130059,표선면
10846,54,2,1014,8,0,50130059,표선면
10847,54,2,1014,9,0,50130059,표선면
10848,54,2,1014,10,0,50130059,표선면
10849,54,2,1014,11,0,50130059,표선면
10850,54,2,1014,12,0,50130059,표선면
10851,54,2,1014,13,1,50130059,표선면
10852,54,2,1014,14,0,50130059,표선면
10853,54,2,1014,15,0,50130059,표선면
10854,54,2,1014,16,1,50130059,표선면
10855,54,2,1014,16,0,50130059,표선면
10856,54,2,1014,17,0,50130059,표선면
10857,54,2,1014,18,0,50130059,표선면
10858,54,2,1014,19,0,50130059,표선면
10859,54,2,1014,20,0,50130059,표선면
10860,54,2,1014,21,0,50130059,표선면
10861,54,2,1014,22,0,50130059,표선면
10862,54,2,1014,23,0,50130059,표선면
10863,54,3,1015,0,0,50130059,표선면
10864,54,3,1015,1,0,50130059,표선면
10865,54,3,1015,2,0,50130059,표선면
10866,54,3,1015,3,0,50130059,표선면
10867,54,3,1015,4,0,50130059,표선면
10868,54,3,1015,5,0,50130059,표선면
10869,54,3,1015,6,0,50130059,표선면
10870,54,3,1015,7,0,50130059,표선면
10871,54,3,1015,8,0,50130059,표선면
10872,54,3,1015,9,0,50130059,표선면
10873,54,3,1015,10,0,50130059,표선면
10874,54,3,1015,11,0,50130059,표선면
10875,54,3,1015,12,0,50130059,표선면
10876,54,3,1015,13,0,50130059,표선면
10877,54,3,1015,14,0,50130059,표선면
10878,54,3,1015,15,0,50130059,표선면
10879,54,3,1015,16,0,50130059,표선면
10880,54,3,1015,17,1,50130059,표선면
10881,54,3,1015,18,0,50130059,표선면
10882,54,3,1015,19,1,50130059,표선면
10883,54,3,1015,20,0,50130059,표선면
10884,54,3,1015,21,1,50130059,표선면
10885,54,3,1015,21,0,50130059,표선면
10886,54,3,1015,22,0,50130059,표선면
10887,54,3,1015,23,0,50130059,표선면
10888,54,4,1016,0,0,50130059,표선면
10889,54,4,1016,1,0,50130059,표선면
10890,54,4,1016,2,0,50130059,표선면
10891,54,4,1016,3,0,50130059,표선면
10892,54,4,1016,4,0,50130059,표선면
10893,54,4,1016,5,0,50130059,표선면
10894,54,4,1016,6,0,50130059,표선면
10895,54,4,1016,7,0,50130059,표선면
10896,54,4,1016,8,0,50130059,표선면
10897,54,4,1016,9,0,50130059,표선면
10898,54,4,1016,10,0,50130059,표선면
10899,54,4,1016,11,0,50130059,표선면
10900,54,4,1016,12,0,50130059,표선면
10901,54,4,1016,13,1,50130059,표선면
10902,54,4,1016,14,0,50130059,표선면
11118,56,1,1006,16,1,50130062,성산읍
11119,56,1,1006,16,0,50130062,성산읍
11120,56,1,1006,17,0,50130062,성산읍
11121,56,1,1006,18,0,50130062,성산읍
11122,56,1,1006,19,0,50130062,성산읍
11123,56,1,1006,20,0,50130062,성산읍
11124,56,1,1006,21,1,50130062,성산읍
11125,56,1,1006,21,0,50130062,성산읍
11126,56,1,1006,22,0,50130062,성산읍
11127,56,1,1006,23,0,50130062,성산읍
11128,56,2,1007,0,0,50130062,성산읍
11129,56,2,1007,1,0,50130062,성산읍
11130,56,2,1007,2,0,50130062,성산읍
11131,56,2,1007,3,0,50130062,성산읍
11132,56,2,1007,4,0,50130062,성산읍
11133,56,2,1007,5,0,50130062,성산읍
11134,56,2,1007,6,0,50130062,성산읍
11135,56,2,1007,7,0,50130062,성산읍
11136,56,2,1007,8,1,50130062,성산읍
11137,56,2,1007,9,0,50130062,성산읍
11138,56,2,1007,10,0,50130062,성산읍
11139,56,2,1007,11,0,50130062,성산읍
11140,56,2,1007,12,0,50130062,성산읍
11141,56,2,1007,13,0,50130062,성산읍
11142,56,2,1007,14,0,50130062,성산읍
11143,56,2,1007,15,0,50130062,성산읍
11144,56,2,1007,16,0,50130062,성산읍
11145,56,2,1007,17,1,50130062,성산읍
11146,56,2,1007,17,0,50130062,성산읍
11147,56,2,1007,18,0,50130062,성산읍
11148,56,2,1007,19,1,50130062,성산읍
11149,56,2,1007,19,0,50130062,성산읍
11150,56,2,1007,20,0,50130062,성산읍
11151,56,2,1007,21,0,50130062,성산읍
11152,56,2,1007,22,0,50130062,성산읍
11153,56,2,1007,23,0,50130062,성산읍
11154,56,3,1008,0,0,50130062,성산읍
11155,56,3,1008,1,0,50130062,성산읍
11156,56,3,1008,2,0,50130062,성산읍
11157,56,3,1008,3,0,50130062,성산읍
11158,56,3,1008,4,0,50130062,성산읍
11159,56,3,1008,5,1,50130062,성산읍
11160,56,3,1008,6,0,50130062,성산읍
11161,56,3,1008,7,0,50130062,성산읍
11162,56,3,1008,8,0,50130062,성산읍
11163,56,3,1008,9,0,50130062,성산읍
11164,56,3,1008,10,0,50130062,성산읍
11165,56,3,1008,11,0,50130062,성산읍
11166,56,3,1008,12,1,50130062,성산읍
11167,56,3,1008,13,0,50130062,성산읍
11168,56,3,1008,14,0,50130062,성산읍
11169,56,3,1008,15,0,50130062,성산읍
11170,56,3,1008,16,0,50130062,성산읍
11171,56,3,1008,17,0,50130062,성산읍
11172,56,3,1008,18,0,50130062,성산읍
11173,56,3,1008,19,0,50130062,성산읍
11174,56,3,1008,20,0,50130062,성산읍
11175,56,3,1008,21,0,50130062,성산읍
11176,56,3,1008,22,0,50130062,성산읍
11177,56,3,1008,23,0,50130062,성산읍
11178,56,4,1009,0,0,50130062,성산읍
11179,56,4,1009,1,0,50130062,성산읍
11180,56,4,1009,2,0,50130062,성산읍
11181,56,4,1009,3,0,50130062,성산읍
11182,56,4,1009,4,0,50130062,성산읍
11183,56,4,1009,5,0,50130062,성산읍
11184,56,4,1009,6,0,50130062,성산읍
11185,56,4,1009,7,0,50130062,성산읍
11186,56,4,1009,8,0,50130062,성산읍
11187,56,4,1009,9,0,50130062,성산읍
11188,56,4,1009,10,0,50130062,성산읍
11189,56,4,1009,11,0,50130062,성산읍
11190,56,4,1009,12,0,50130062,성산읍
11191,56,4,1009,13,0,50130062,성산읍
11192,56,4,1009,14,0,50130062,성산읍
11193,56,4,1009,15,0,50130062,성산읍
11194,56,4,1009,16,0,50130062,성산읍
11195,56,4,1009,17,0,50130062,성산읍
11196,56,4,1009,18,0,50130062,성산읍
11197,56,4,1009,19,0,50130062,성산읍
11198,56,4,1009,20,0,50130062,성산읍
11199,56,4,1009,21,0,50130062,성산읍
11200,56,4,1009,22,0,50130062,성산읍
11201,56,4,1009,23,0,50130062,성산읍
11202,56,5,1010,0,0,50130062,성산읍
11203,56,5,1010,1,0,50130062,성산읍
11204,56,5,1010,2,0,50130062,성산읍
11205,56,5,1010,3,0,50130062,성산읍
11206,56,5,1010,4,0,50130062,성산읍
11207,56,5,1010,5,0,50130062,성산읍
11208,56,5,1010,6,0,50130062,성산읍
11209,56,5,1010,7,0,50130062,성산읍
11210,56,5,1010,8,0,50130062,성산읍
11211,56,5,1010,9,0,50130062,성산읍
11212,56,5,1010,10,0,50130062,성산읍
11213,56,5,1010,11,0,50130062,성산읍
11214,56,5,1010,12,0,50130062,성산읍
11215,56,5,1010,13,0,50130062,성산읍
11216,56,5,1010,14,0,50130062,성산읍
11217,56,5,1010,15,0,50130062,성산읍
11218,56,5,1010,16,0,50130062,성산읍
11219,56,5,1010,17,0,50130062,성산읍
11220,56,5,1010,18,0,50130062,성산읍
11221,56,5,1010,19,0,50130062,성산읍
11222,56,5,1010,20,0,50130062,성산읍
11223,56,5,1010,21,0,50130062,성산읍
11224,56,5,1010,22,0,50130062,성산읍
11225,56,5,1010,23,0,50130062,성산읍
11226,56,6,1011,0,0,50130062,성산읍
11227,56,6,1011,1,0,50130062,성산읍
11228,56,6,1011,2,0,50130062,성산읍
11229,56,6,1011,3,0,50130062,성산읍
11230,56,6,1011,4,0,50130062,성산읍
11231,56,6,1011,5,0,50130062,성산읍
11232,56,6,1011,6,0,50130062,성산읍
11233,56,6,1011,7,0,50130062,성산읍
11234,56,6,1011,8,0,50130062,성산읍
11235,56,6,1011,9,0,50130062,성산읍
11236,56,6,1011,10,0,50130062,성산읍
11237,56,6,1011,11,0,50130062,성산읍
11238,56,6,1011,12,0,50130062,성산읍
11239,56,6,1011,13,0,50130062,성산읍
11240,56,6,1011,14,0,50130062,성산읍
11241,56,6,1011,15,0,50130062,성산읍
11242,56,6,1011,16,0,50130062,성산읍
11243,56,6,1011,17,0,50130062,성산읍
11244,56,6,1011,18,0,50130062,성산읍
11245,56,6,1011,19,0,50130062,성산읍
11246,56,6,1011,20,0,50130062,성산읍
11247,56,6,1011,21,0,50130062,성산읍
11248,56,6,1011,22,0,50130062,성산읍
11249,56,6,1011,23,0,50130062,성산읍
11250,56,0,1012,0,0,50130062,성산읍
11251,56,0,1012,1,0,50130062,성산읍
11252,56,0,1012,2,0,50130062,성산읍
11253,56,0,1012,3,0,50130062,성산읍
11254,56,0,1012,4,0,50130062,성산읍
11255,56,0,1012,5,0,50130062,성산읍
11256,56,0,1012,6,0,50130062,성산읍
11257,56,0,1012,7,0,50130062,성산읍
11258,56,0,1012,8,0,50130062,성산읍
11259,56,0,1012,9,0,50130062,성산읍
11260,56,0,1012,10,0,50130062,성산읍
11261,56,0,1012,11,0,50130062,성산읍
11262,56,0,1012,12,0,50130062,성산읍
11263,56,0,1012,13,0,50130062,성산읍
11264,56,0,1012,14,1,50130062,성산읍
11265,56,0,1012,15,0,50130062,성산읍
11266,56,0,1012,16,1,50130062,성산읍
11267,56,0,1012,17,0,50130062,성산읍
11268,56,0,1012,18,1,50130062,성산읍
11269,56,0,1012,19,0,50130062,성산읍
11270,56,0,1012,20,0,50130062,성산읍
11271,56,0,1012,21,0,50130062,성산읍
11272,56,0,1012,22,0,50130062,성산읍
11273,56,0,1012,23,0,50130062,성산읍
11274,56,1,1013,0,0,50130062,성산읍
11275,56,1,1013,1,0,50130062,성산읍
11276,56,1,1013,2,0,50130062,성산읍
11277,56,1,1013,3,0,50130062,성산읍
11278,56,1,1013,4,0,50130062,성산읍
11279,56,1,1013,5,0,50130062,성산읍
11280,56,1,1013,6,0,50130062,성산읍
11281,56,1,1013,7,0,50130062,성산읍
11282,56,1,1013,8,0,50130062,성산읍
11283,56,1,1013,9,0,50130062,성산읍
11284,56,1,1013,10,0,50130062,성산읍
11285,56,1,1013,11,1,50130062,성산읍
11286,56,1,1013,11,0,50130062,성산읍
11287,56,1,1013,12,0,50130062,성산읍
11288,56,1,1013,13,1,50130062,성산읍
11289,56,1,1013,14,0,50130062,성산읍
11290,56,1,1013,15,0,50130062,성산읍
11291,56,1,1013,16,0,50130062,성산읍
11292,56,1,1013,17,0,50130062,성산읍
11293,56,1,1013,18,0,50130062,성산읍
11294,56,1,1013,19,0,50130062,성산읍
11295,56,1,1013,20,0,50130062,성산읍
11296,56,1,1013,21,0,50130062,성산읍
11297,56,1,1013,22,0,50130062,성산읍
11298,56,1,1013,23,0,50130062,성산읍
11299,56,2,1014,0,1,50130062,성산읍
11300,56,2,1014,1,1,50130062,성산읍
11301,56,2,1014,2,1,50130062,성산읍
11302,56,2,1014,3,1,50130062,성산읍
11303,56,2,1014,4,1,50130062,성산읍
11304,56,2,1014,5,1,50130062,성산읍
11305,56,2,1014,6,1,50130062,성산읍
11306,56,2,1014,7,1,50130062,성산읍
11307,56,2,1014,8,1,50130062,성산읍
11308,56,2,1014,9,1,50130062,성산읍
11309,56,2,1014,10,1,50130062,성산읍
11310,56,2,1014,11,1,50130062,성산읍
11311,56,2,1014,12,1,50130062,성산읍
11312,56,2,1014,13,0,50130062,성산읍
11313,56,2,1014,14,0,50130062,성산읍
11314,56,2,1014,15,0,50130062,성산읍
11315,56,2,1014,16,1,50130062,성산읍
11316,56,2,1014,17,0,50130062,성산읍
11317,56,2,1014,18,0,50130062,성산읍
11318,56,2,1014,19,0,50130062,성산읍
11319,56,2,1014,20,0,50130062,성산읍
11320,56,2,1014,21,0,50130062,성산읍
11321,56,2,1014,22,0,50130062,성산읍
11322,56,2,1014,23,0,50130062,성산읍
11323,56,3,1015,0,0,50130062,성산읍
11324,56,3,1015,1,0,50130062,성산읍
11325,56,3,1015,2,0,50130062,성산읍
11326,56,3,1015,3,0,50130062,성산읍
11327,56,3,1015,4,0,50130062,성산읍
11328,56,3,1015,5,0,50130062,성산읍
11329,56,3,1015,6,0,50130062,성산읍
11330,56,3,1015,7,0,50130062,성산읍
11331,56,3,1015,8,0,50130062,성산읍
11332,56,3,1015,9,0,50130062,성산읍
11333,56,3,1015,10,0,50130062,성산읍
11334,56,3,1015,11,0,50130062,성산읍
11335,56,3,1015,12,0,50130062,성산읍
11336,56,3,1015,13,0,50130062,성산읍
11337,56,3,1015,14,0,50130062,성산읍
11338,56,3,1015,15,0,50130062,성산읍
11339,56,3,1015,16,1,50130062,성산읍
11340,56,3,1015,17,0,50130062,성산읍
11341,56,3,1015,18,1,50130062,성산읍
11342,56,3,1015,19,0,50130062,성산읍
11516,58,1,1006,19,1,50130064,성산읍
11517,58,1,1006,19,0,50130064,성산읍
11518,58,1,1006,20,0,50130064,성산읍
11519,58,1,1006,21,0,50130064,성산읍
11520,58,1,1006,22,0,50130064,성산읍
11521,58,1,1006,23,0,50130064,성산읍
11522,58,2,1007,0,0,50130064,성산읍
11523,58,2,1007,1,0,50130064,성산읍
11524,58,2,1007,2,0,50130064,성산읍
11525,58,2,1007,3,0,50130064,성산읍
11526,58,2,1007,4,0,50130064,성산읍
11527,58,2,1007,5,0,50130064,성산읍
11528,58,2,1007,6,0,50130064,성산읍
11529,58,2,1007,7,0,50130064,성산읍
11530,58,2,1007,8,0,50130064,성산읍
11531,58,2,1007,9,0,50130064,성산읍
11532,58,2,1007,10,0,50130064,성산읍
11533,58,2,1007,11,0,50130064,성산읍
11534,58,2,1007,12,0,50130064,성산읍
11535,58,2,1007,13,0,50130064,성산읍
11536,58,2,1007,14,0,50130064,성산읍
11537,58,2,1007,15,0,50130064,성산읍
11538,58,2,1007,16,1,50130064,성산읍
11539,58,2,1007,16,0,50130064,성산읍
11540,58,2,1007,17,1,50130064,성산읍
11541,58,2,1007,18,0,50130064,성산읍
11542,58,2,1007,19,0,50130064,성산읍
11543,58,2,1007,20,0,50130064,성산읍
11544,58,2,1007,21,0,50130064,성산읍
11545,58,2,1007,22,0,50130064,성산읍
11546,58,2,1007,23,0,50130064,성산읍
11547,58,3,1008,0,0,50130064,성산읍
11548,58,3,1008,1,0,50130064,성산읍
11549,58,3,1008,2,0,50130064,성산읍
11550,58,3,1008,3,0,50130064,성산읍
11551,58,3,1008,4,0,50130064,성산읍
11552,58,3,1008,5,0,50130064,성산읍
11553,58,3,1008,6,0,50130064,성산읍
11554,58,3,1008,7,0,50130064,성산읍
11555,58,3,1008,8,0,50130064,성산읍
11556,58,3,1008,9,0,50130064,성산읍
11557,58,3,1008,10,0,50130064,성산읍
11558,58,3,1008,11,0,50130064,성산읍
11559,58,3,1008,12,1,50130064,성산읍
11560,58,3,1008,13,1,50130064,성산읍
11561,58,3,1008,13,1,50130064,성산읍
11562,58,3,1008,13,0,50130064,성산읍
11563,58,3,1008,14,0,50130064,성산읍
11564,58,3,1008,15,0,50130064,성산읍
11565,58,3,1008,16,0,50130064,성산읍
11566,58,3,1008,17,0,50130064,성산읍
11567,58,3,1008,18,0,50130064,성산읍
11568,58,3,1008,19,0,50130064,성산읍
11569,58,3,1008,20,0,50130064,성산읍
11570,58,3,1008,21,0,50130064,성산읍
11571,58,3,1008,22,0,50130064,성산읍
11572,58,3,1008,23,0,50130064,성산읍
11573,58,4,1009,0,0,50130064,성산읍
11574,58,4,1009,1,0,50130064,성산읍
11575,58,4,1009,2,0,50130064,성산읍
11576,58,4,1009,3,0,50130064,성산읍
11577,58,4,1009,4,0,50130064,성산읍
11578,58,4,1009,5,0,50130064,성산읍
11579,58,4,1009,6,0,50130064,성산읍
11580,58,4,1009,7,0,50130064,성산읍
11581,58,4,1009,8,0,50130064,성산읍
11582,58,4,1009,9,0,50130064,성산읍
11583,58,4,1009,10,0,50130064,성산읍
11584,58,4,1009,11,0,50130064,성산읍
11585,58,4,1009,12,0,50130064,성산읍
11586,58,4,1009,13,0,50130064,성산읍
11587,58,4,1009,14,0,50130064,성산읍
11588,58,4,1009,15,0,50130064,성산읍
11589,58,4,1009,16,0,50130064,성산읍
11590,58,4,1009,17,0,50130064,성산읍
11591,58,4,1009,18,0,50130064,성산읍
11592,58,4,1009,19,0,50130064,성산읍
11593,58,4,1009,20,0,50130064,성산읍
11594,58,4,1009,21,0,50130064,성산읍
11595,58,4,1009,22,0,50130064,성산읍
11596,58,4,1009,23,0,50130064,성산읍
11597,58,5,1010,0,0,50130064,성산읍
11598,58,5,1010,1,0,50130064,성산읍
11599,58,5,1010,2,0,50130064,성산읍
11600,58,5,1010,3,0,50130064,성산읍
11601,58,5,1010,4,0,50130064,성산읍
11602,58,5,1010,5,0,50130064,성산읍
11603,58,5,1010,6,0,50130064,성산읍
11604,58,5,1010,7,0,50130064,성산읍
11605,58,5,1010,8,0,50130064,성산읍
11606,58,5,1010,9,0,50130064,성산읍
11607,58,5,1010,10,0,50130064,성산읍
11608,58,5,1010,11,0,50130064,성산읍
11609,58,5,1010,12,0,50130064,성산읍
11610,58,5,1010,13,0,50130064,성산읍
11611,58,5,1010,14,0,50130064,성산읍
11612,58,5,1010,15,0,50130064,성산읍
11613,58,5,1010,16,0,50130064,성산읍
11614,58,5,1010,17,0,50130064,성산읍
11615,58,5,1010,18,0,50130064,성산읍
11616,58,5,1010,19,0,50130064,성산읍
11617,58,5,1010,20,0,50130064,성산읍
11618,58,5,1010,21,0,50130064,성산읍
11619,58,5,1010,22,0,50130064,성산읍
11620,58,5,1010,23,0,50130064,성산읍
11621,58,6,1011,0,0,50130064,성산읍
11622,58,6,1011,1,0,50130064,성산읍
11623,58,6,1011,2,0,50130064,성산읍
11624,58,6,1011,3,0,50130064,성산읍
11625,58,6,1011,4,0,50130064,성산읍
11626,58,6,1011,5,0,50130064,성산읍
11627,58,6,1011,6,0,50130064,성산읍
11628,58,6,1011,7,0,50130064,성산읍
11629,58,6,1011,8,0,50130064,성산읍
11630,58,6,1011,9,0,50130064,성산읍
11631,58,6,1011,10,0,50130064,성산읍
11632,58,6,1011,11,0,50130064,성산읍
11633,58,6,1011,12,0,50130064,성산읍
11634,58,6,1011,13,0,50130064,성산읍
11635,58,6,1011,14,0,50130064,성산읍
11636,58,6,1011,15,0,50130064,성산읍
11637,58,6,1011,16,0,50130064,성산읍
11638,58,6,1011,17,0,50130064,성산읍
11639,58,6,1011,18,0,50130064,성산읍
11640,58,6,1011,19,0,50130064,성산읍
11641,58,6,1011,20,0,50130064,성산읍
11642,58,6,1011,21,0,50130064,성산읍
11643,58,6,1011,22,0,50130064,성산읍
11644,58,6,1011,23,0,50130064,성산읍
11645,58,0,1012,0,0,50130064,성산읍
11646,58,0,1012,1,0,50130064,성산읍
11647,58,0,1012,2,0,50130064,성산읍
11648,58,0,1012,3,0,50130064,성산읍
11649,58,0,1012,4,0,50130064,성산읍
11650,58,0,1012,5,0,50130064,성산읍
11651,58,0,1012,6,0,50130064,성산읍
11652,58,0,1012,7,0,50130064,성산읍
11653,58,0,1012,8,0,50130064,성산읍
11654,58,0,1012,9,0,50130064,성산읍
11655,58,0,1012,10,0,50130064,성산읍
11656,58,0,1012,11,0,50130064,성산읍
11657,58,0,1012,12,0,50130064,성산읍
11658,58,0,1012,13,0,50130064,성산읍
11659,58,0,1012,14,0,50130064,성산읍
11660,58,0,1012,15,0,50130064,성산읍
11661,58,0,1012,16,0,50130064,성산읍
11662,58,0,1012,17,0,50130064,성산읍
11663,58,0,1012,18,0,50130064,성산읍
11664,58,0,1012,19,0,50130064,성산읍
11665,58,0,1012,20,0,50130064,성산읍
11666,58,0,1012,21,0,50130064,성산읍
11667,58,0,1012,22,0,50130064,성산읍
11668,58,0,1012,23,0,50130064,성산읍
11669,58,1,1013,0,0,50130064,성산읍
11670,58,1,1013,1,0,50130064,성산읍
11671,58,1,1013,2,0,50130064,성산읍
11672,58,1,1013,3,0,50130064,성산읍
11673,58,1,1013,4,0,50130064,성산읍
11674,58,1,1013,5,0,50130064,성산읍
11675,58,1,1013,6,0,50130064,성산읍
11676,58,1,1013,7,0,50130064,성산읍
11677,58,1,1013,8,0,50130064,성산읍
11678,58,1,1013,9,0,50130064,성산읍
11679,58,1,1013,10,0,50130064,성산읍
11680,58,1,1013,11,0,50130064,성산읍
11681,58,1,1013,12,0,50130064,성산읍
11682,58,1,1013,13,0,50130064,성산읍
11683,58,1,1013,14,0,50130064,성산읍
11684,58,1,1013,15,0,50130064,성산읍
11685,58,1,1013,16,0,50130064,성산읍
11686,58,1,1013,17,0,50130064,성산읍
11687,58,1,1013,18,0,50130064,성산읍
11688,58,1,1013,19,0,50130064,성산읍
11689,58,1,1013,20,0,50130064,성산읍
11690,58,1,1013,21,0,50130064,성산읍
11691,58,1,1013,22,0,50130064,성산읍
11692,58,1,1013,23,0,50130064,성산읍
11693,58,2,1014,0,0,50130064,성산읍
11694,58,2,1014,1,0,50130064,성산읍
11695,58,2,1014,2,0,50130064,성산읍
11696,58,2,1014,3,0,50130064,성산읍
11697,58,2,1014,4,0,50130064,성산읍
11698,58,2,1014,5,0,50130064,성산읍
11699,58,2,1014,6,0,50130064,성산읍
11700,58,2,1014,7,0,50130064,성산읍
11701,58,2,1014,8,0,50130064,성산읍
11702,58,2,1014,9,0,50130064,성산읍
11703,58,2,1014,10,0,50130064,성산읍
11704,58,2,1014,11,0,50130064,성산읍
11705,58,2,1014,12,0,50130064,성산읍
11706,58,2,1014,13,0,50130064,성산읍
11707,58,2,1014,14,0,50130064,성산읍
11708,58,2,1014,15,1,50130064,성산읍
11709,58,2,1014,16,0,50130064,성산읍
11710,58,2,1014,17,0,50130064,성산읍
11711,58,2,1014,18,0,50130064,성산읍
11712,58,2,1014,19,0,50130064,성산읍
11713,58,2,1014,20,0,50130064,성산읍
11714,58,2,1014,21,0,50130064,성산읍
11715,58,2,1014,22,0,50130064,성산읍
11716,58,2,1014,23,0,50130064,성산읍
11717,58,3,1015,0,0,50130064,성산읍
11718,58,3,1015,1,0,50130064,성산읍
11719,58,3,1015,2,0,50130064,성산읍
11720,58,3,1015,3,0,50130064,성산읍
11721,58,3,1015,4,0,50130064,성산읍
11722,58,3,1015,5,0,50130064,성산읍
11723,58,3,1015,6,0,50130064,성산읍
11724,58,3,1015,7,0,50130064,성산읍
11725,58,3,1015,8,0,50130064,성산읍
11726,58,3,1015,9,0,50130064,성산읍
11727,58,3,1015,10,0,50130064,성산읍
11728,58,3,1015,11,0,50130064,성산읍
11729,58,3,1015,12,0,50130064,성산읍
11730,58,3,1015,13,1,50130064,성산읍
11731,58,3,1015,14,0,50130064,성산읍
14699,77,1,1006,16,1,ME174057,성산읍
14700,77,1,1006,16,0,ME174057,성산읍
14701,77,1,1006,17,1,ME174057,성산읍
14702,77,1,1006,17,1,ME174057,성산읍
14703,77,1,1006,17,0,ME174057,성산읍
14704,77,1,1006,18,0,ME174057,성산읍
14705,77,1,1006,19,0,ME174057,성산읍
14706,77,1,1006,20,0,ME174057,성산읍
14707,77,1,1006,21,0,ME174057,성산읍
14708,77,1,1006,22,0,ME174057,성산읍
14709,77,1,1006,23,0,ME174057,성산읍
14710,77,2,1007,0,0,ME174057,성산읍
14711,77,2,1007,1,0,ME174057,성산읍
14712,77,2,1007,2,0,ME174057,성산읍
14713,77,2,1007,3,0,ME174057,성산읍
14714,77,2,1007,4,0,ME174057,성산읍
14715,77,2,1007,5,0,ME174057,성산읍
14716,77,2,1007,6,1,ME174057,성산읍
14717,77,2,1007,6,0,ME174057,성산읍
14718,77,2,1007,7,0,ME174057,성산읍
14719,77,2,1007,8,0,ME174057,성산읍
14720,77,2,1007,9,0,ME174057,성산읍
14721,77,2,1007,10,1,ME174057,성산읍
14722,77,2,1007,10,0,ME174057,성산읍
14723,77,2,1007,11,0,ME174057,성산읍
14724,77,2,1007,12,1,ME174057,성산읍
14725,77,2,1007,12,0,ME174057,성산읍
14726,77,2,1007,13,0,ME174057,성산읍
14727,77,2,1007,14,1,ME174057,성산읍
14728,77,2,1007,14,0,ME174057,성산읍
14729,77,2,1007,15,1,ME174057,성산읍
14730,77,2,1007,15,0,ME174057,성산읍
14731,77,2,1007,16,0,ME174057,성산읍
14732,77,2,1007,17,0,ME174057,성산읍
14733,77,2,1007,18,1,ME174057,성산읍
14734,77,2,1007,18,1,ME174057,성산읍
14735,77,2,1007,18,0,ME174057,성산읍
14736,77,2,1007,19,0,ME174057,성산읍
14737,77,2,1007,20,0,ME174057,성산읍
14738,77,2,1007,21,0,ME174057,성산읍
14739,77,2,1007,22,0,ME174057,성산읍
14740,77,2,1007,23,0,ME174057,성산읍
14741,77,3,1008,0,0,ME174057,성산읍
14742,77,3,1008,1,0,ME174057,성산읍
14743,77,3,1008,2,0,ME174057,성산읍
14744,77,3,1008,3,0,ME174057,성산읍
14745,77,3,1008,4,0,ME174057,성산읍
14746,77,3,1008,5,1,ME174057,성산읍
14747,77,3,1008,6,0,ME174057,성산읍
14748,77,3,1008,7,0,ME174057,성산읍
14749,77,3,1008,8,0,ME174057,성산읍
14750,77,3,1008,9,0,ME174057,성산읍
14751,77,3,1008,10,0,ME174057,성산읍
14752,77,3,1008,11,1,ME174057,성산읍
14753,77,3,1008,12,0,ME174057,성산읍
14754,77,3,1008,13,1,ME174057,성산읍
14755,77,3,1008,13,1,ME174057,성산읍
14756,77,3,1008,13,0,ME174057,성산읍
14757,77,3,1008,14,1,ME174057,성산읍
14758,77,3,1008,14,1,ME174057,성산읍
14759,77,3,1008,14,0,ME174057,성산읍
14760,77,3,1008,15,0,ME174057,성산읍
14761,77,3,1008,16,0,ME174057,성산읍
14762,77,3,1008,17,0,ME174057,성산읍
14763,77,3,1008,18,0,ME174057,성산읍
14764,77,3,1008,19,0,ME174057,성산읍
14765,77,3,1008,20,0,ME174057,성산읍
14766,77,3,1008,21,0,ME174057,성산읍
14767,77,3,1008,22,0,ME174057,성산읍
14768,77,3,1008,23,0,ME174057,성산읍
14769,77,4,1009,0,0,ME174057,성산읍
14770,77,4,1009,1,0,ME174057,성산읍
14771,77,4,1009,2,0,ME174057,성산읍
14772,77,4,1009,3,0,ME174057,성산읍
14773,77,4,1009,4,0,ME174057,성산읍
14774,77,4,1009,5,0,ME174057,성산읍
14775,77,4,1009,6,0,ME174057,성산읍
14776,77,4,1009,7,0,ME174057,성산읍
14777,77,4,1009,8,0,ME174057,성산읍
14778,77,4,1009,9,0,ME174057,성산읍
14779,77,4,1009,10,0,ME174057,성산읍
14780,77,4,1009,11,0,ME174057,성산읍
14781,77,4,1009,12,0,ME174057,성산읍
14782,77,4,1009,13,0,ME174057,성산읍
14783,77,4,1009,14,0,ME174057,성산읍
14784,77,4,1009,15,0,ME174057,성산읍
14785,77,4,1009,16,0,ME174057,성산읍
14786,77,4,1009,17,0,ME174057,성산읍
14787,77,4,1009,18,0,ME174057,성산읍
14788,77,4,1009,19,0,ME174057,성산읍
14789,77,4,1009,20,0,ME174057,성산읍
14790,77,4,1009,21,0,ME174057,성산읍
14791,77,4,1009,22,0,ME174057,성산읍
14792,77,4,1009,23,0,ME174057,성산읍
14793,77,5,1010,0,0,ME174057,성산읍
14794,77,5,1010,1,0,ME174057,성산읍
14795,77,5,1010,2,0,ME174057,성산읍
14796,77,5,1010,3,0,ME174057,성산읍
14797,77,5,1010,4,0,ME174057,성산읍
14798,77,5,1010,5,0,ME174057,성산읍
14799,77,5,1010,6,0,ME174057,성산읍
14800,77,5,1010,7,0,ME174057,성산읍
14801,77,5,1010,8,0,ME174057,성산읍
14802,77,5,1010,9,0,ME174057,성산읍
14803,77,5,1010,10,0,ME174057,성산읍
14804,77,5,1010,11,0,ME174057,성산읍
14805,77,5,1010,12,0,ME174057,성산읍
14806,77,5,1010,13,0,ME174057,성산읍
14807,77,5,1010,14,0,ME174057,성산읍
14808,77,5,1010,15,0,ME174057,성산읍
14809,77,5,1010,16,0,ME174057,성산읍
14810,77,5,1010,17,0,ME174057,성산읍
14811,77,5,1010,18,0,ME174057,성산읍
14812,77,5,1010,19,0,ME174057,성산읍
14813,77,5,1010,20,0,ME174057,성산읍
14814,77,5,1010,21,0,ME174057,성산읍
14815,77,5,1010,22,0,ME174057,성산읍
14816,77,5,1010,23,0,ME174057,성산읍
14817,77,6,1011,0,0,ME174057,성산읍
14818,77,6,1011,1,0,ME174057,성산읍
14819,77,6,1011,2,0,ME174057,성산읍
14820,77,6,1011,3,0,ME174057,성산읍
14821,77,6,1011,4,0,ME174057,성산읍
14822,77,6,1011,5,0,ME174057,성산읍
14823,77,6,1011,6,0,ME174057,성산읍
14824,77,6,1011,7,0,ME174057,성산읍
14825,77,6,1011,8,0,ME174057,성산읍
14826,77,6,1011,9,0,ME174057,성산읍
14827,77,6,1011,10,0,ME174057,성산읍
14828,77,6,1011,11,0,ME174057,성산읍
14829,77,6,1011,12,0,ME174057,성산읍
14830,77,6,1011,13,0,ME174057,성산읍
14831,77,6,1011,14,0,ME174057,성산읍
14832,77,6,1011,15,0,ME174057,성산읍
14833,77,6,1011,16,0,ME174057,성산읍
14834,77,6,1011,17,0,ME174057,성산읍
14835,77,6,1011,18,0,ME174057,성산읍
14836,77,6,1011,19,0,ME174057,성산읍
14837,77,6,1011,20,0,ME174057,성산읍
14838,77,6,1011,21,0,ME174057,성산읍
14839,77,6,1011,22,0,ME174057,성산읍
14840,77,6,1011,23,0,ME174057,성산읍
14841,77,0,1012,0,0,ME174057,성산읍
14842,77,0,1012,1,0,ME174057,성산읍
14843,77,0,1012,2,0,ME174057,성산읍
14844,77,0,1012,3,0,ME174057,성산읍
14845,77,0,1012,4,0,ME174057,성산읍
14846,77,0,1012,5,0,ME174057,성산읍
14847,77,0,1012,6,0,ME174057,성산읍
14848,77,0,1012,7,0,ME174057,성산읍
14849,77,0,1012,8,0,ME174057,성산읍
14850,77,0,1012,9,0,ME174057,성산읍
14851,77,0,1012,10,0,ME174057,성산읍
14852,77,0,1012,11,0,ME174057,성산읍
14853,77,0,1012,12,0,ME174057,성산읍
14854,77,0,1012,13,1,ME174057,성산읍
14855,77,0,1012,13,1,ME174057,성산읍
14856,77,0,1012,13,0,ME174057,성산읍
14857,77,0,1012,14,1,ME174057,성산읍
14858,77,0,1012,14,1,ME174057,성산읍
14859,77,0,1012,14,0,ME174057,성산읍
14860,77,0,1012,15,0,ME174057,성산읍
14861,77,0,1012,16,0,ME174057,성산읍
14862,77,0,1012,17,1,ME174057,성산읍
14863,77,0,1012,17,1,ME174057,성산읍
14864,77,0,1012,17,0,ME174057,성산읍
14865,77,0,1012,18,0,ME174057,성산읍
14866,77,0,1012,19,1,ME174057,성산읍
14867,77,0,1012,19,0,ME174057,성산읍
14868,77,0,1012,20,1,ME174057,성산읍
14869,77,0,1012,20,0,ME174057,성산읍
14870,77,0,1012,21,0,ME174057,성산읍
14871,77,0,1012,22,0,ME174057,성산읍
14872,77,0,1012,23,0,ME174057,성산읍
14873,77,1,1013,0,0,ME174057,성산읍
14874,77,1,1013,1,0,ME174057,성산읍
14875,77,1,1013,2,0,ME174057,성산읍
14876,77,1,1013,3,0,ME174057,성산읍
14877,77,1,1013,4,0,ME174057,성산읍
14878,77,1,1013,5,0,ME174057,성산읍
14879,77,1,1013,6,0,ME174057,성산읍
14880,77,1,1013,7,0,ME174057,성산읍
14881,77,1,1013,8,0,ME174057,성산읍
14882,77,1,1013,9,0,ME174057,성산읍
14883,77,1,1013,10,0,ME174057,성산읍
14884,77,1,1013,11,0,ME174057,성산읍
14885,77,1,1013,12,1,ME174057,성산읍
14886,77,1,1013,13,0,ME174057,성산읍
14887,77,1,1013,14,0,ME174057,성산읍
14888,77,1,1013,15,0,ME174057,성산읍
14889,77,1,1013,16,0,ME174057,성산읍
14890,77,1,1013,17,1,ME174057,성산읍
14891,77,1,1013,17,0,ME174057,성산읍
14892,77,1,1013,18,0,ME174057,성산읍
14893,77,1,1013,19,0,ME174057,성산읍
14894,77,1,1013,20,0,ME174057,성산읍
14895,77,1,1013,21,0,ME174057,성산읍
14896,77,1,1013,22,0,ME174057,성산읍
14897,77,1,1013,23,0,ME174057,성산읍
14898,77,2,1014,0,0,ME174057,성산읍
14899,77,2,1014,1,0,ME174057,성산읍
14900,77,2,1014,2,0,ME174057,성산읍
14901,77,2,1014,3,0,ME174057,성산읍
14902,77,2,1014,4,0,ME174057,성산읍
14903,77,2,1014,5,0,ME174057,성산읍
14904,77,2,1014,6,0,ME174057,성산읍
14905,77,2,1014,7,0,ME174057,성산읍
14906,77,2,1014,8,0,ME174057,성산읍
14907,77,2,1014,9,0,ME174057,성산읍
14908,77,2,1014,10,0,ME174057,성산읍
14909,77,2,1014,11,0,ME174057,성산읍
14910,77,2,1014,12,0,ME174057,성산읍
14911,77,2,1014,13,1,ME174057,성산읍
14912,77,2,1014,13,0,ME174057,성산읍
14913,77,2,1014,14,0,ME174057,성산읍
14914,77,2,1014,15,1,ME174057,성산읍
14915,77,2,1014,16,0,ME174057,성산읍
14916,77,2,1014,17,0,ME174057,성산읍
14917,77,2,1014,18,0,ME174057,성산읍
14918,77,2,1014,19,0,ME174057,성산읍
14919,77,2,1014,20,0,ME174057,성산읍
14920,77,2,1014,21,0,ME174057,성산읍
14921,77,2,1014,22,0,ME174057,성산읍
14922,77,2,1014,23,0,ME174057,성산읍
14923,77,3,1015,0,0,ME174057,성산읍
14924,77,3,1015,1,0,ME174057,성산읍
14925,77,3,1015,2,0,ME174057,성산읍
14926,77,3,1015,3,0,ME174057,성산읍
14927,77,3,1015,4,0,ME174057,성산읍
14928,77,3,1015,5,0,ME174057,성산읍
14929,77,3,1015,6,0,ME174057,성산읍
14930,77,3,1015,7,0,ME174057,성산읍
14931,77,3,1015,8,0,ME174057,성산읍
14932,77,3,1015,9,0,ME174057,성산읍
14933,77,3,1015,10,0,ME174057,성산읍
14934,77,3,1015,11,0,ME174057,성산읍
14935,77,3,1015,12,1,ME174057,성산읍
14936,77,3,1015,12,0,ME174057,성산읍
14937,77,3,1015,13,1,ME174057,성산읍
14938,77,3,1015,13,0,ME174057,성산읍
14939,77,3,1015,14,0,ME174057,성산읍
14940,77,3,1015,15,0,ME174057,성산읍
14941,77,3,1015,16,1,ME174057,성산읍
14942,77,3,1015,17,1,ME174057,성산읍
14943,77,3,1015,17,0,ME174057,성산읍
14944,77,3,1015,18,0,ME174057,성산읍
14945,77,3,1015,19,0,ME174057,성산읍
14946,77,3,1015,20,1,ME174057,성산읍
14947,77,3,1015,20,1,ME174057,성산읍
14948,77,3,1015,20,0,ME174057,성산읍
14949,77,3,1015,21,0,ME174057,성산읍
14950,78,1,1006,16,1,ME174057,성산읍
14951,78,1,1006,16,0,ME174057,성산읍
14952,78,1,1006,17,1,ME174057,성산읍
14953,78,1,1006,17,1,ME174057,성산읍
14954,78,1,1006,17,0,ME174057,성산읍
14955,78,1,1006,18,0,ME174057,성산읍
14956,78,1,1006,19,0,ME174057,성산읍
14957,78,1,1006,20,0,ME174057,성산읍
14958,78,1,1006,21,0,ME174057,성산읍
14959,78,1,1006,22,0,ME174057,성산읍
14960,78,1,1006,23,0,ME174057,성산읍
14961,78,2,1007,0,0,ME174057,성산읍
14962,78,2,1007,1,0,ME174057,성산읍
14963,78,2,1007,2,0,ME174057,성산읍
14964,78,2,1007,3,0,ME174057,성산읍
14965,78,2,1007,4,0,ME174057,성산읍
14966,78,2,1007,5,0,ME174057,성산읍
14967,78,2,1007,6,1,ME174057,성산읍
14968,78,2,1007,6,0,ME174057,성산읍
14969,78,2,1007,7,0,ME174057,성산읍
14970,78,2,1007,8,0,ME174057,성산읍
14971,78,2,1007,9,0,ME174057,성산읍
14972,78,2,1007,10,1,ME174057,성산읍
14973,78,2,1007,10,0,ME174057,성산읍
14974,78,2,1007,11,0,ME174057,성산읍
14975,78,2,1007,12,1,ME174057,성산읍
14976,78,2,1007,12,0,ME174057,성산읍
14977,78,2,1007,13,0,ME174057,성산읍
14978,78,2,1007,14,1,ME174057,성산읍
14979,78,2,1007,14,0,ME174057,성산읍
14980,78,2,1007,15,1,ME174057,성산읍
14981,78,2,1007,15,0,ME174057,성산읍
14982,78,2,1007,16,0,ME174057,성산읍
14983,78,2,1007,17,0,ME174057,성산읍
14984,78,2,1007,18,1,ME174057,성산읍
14985,78,2,1007,18,1,ME174057,성산읍
14986,78,2,1007,18,0,ME174057,성산읍
14987,78,2,1007,19,0,ME174057,성산읍
14988,78,2,1007,20,0,ME174057,성산읍
14989,78,2,1007,21,0,ME174057,성산읍
14990,78,2,1007,22,0,ME174057,성산읍
14991,78,2,1007,23,0,ME174057,성산읍
14992,78,3,1008,0,0,ME174057,성산읍
14993,78,3,1008,1,0,ME174057,성산읍
14994,78,3,1008,2,0,ME174057,성산읍
14995,78,3,1008,3,0,ME174057,성산읍
14996,78,3,1008,4,0,ME174057,성산읍
14997,78,3,1008,5,1,ME174057,성산읍
14998,78,3,1008,6,0,ME174057,성산읍
14999,78,3,1008,7,0,ME174057,성산읍
15000,78,3,1008,8,0,ME174057,성산읍
15001,78,3,1008,9,0,ME174057,성산읍
15002,78,3,1008,10,0,ME174057,성산읍
15003,78,3,1008,11,1,ME174057,성산읍
15004,78,3,1008,12,0,ME174057,성산읍
15005,78,3,1008,13,1,ME174057,성산읍
15006,78,3,1008,13,1,ME174057,성산읍
15007,78,3,1008,13,0,ME174057,성산읍
15008,78,3,1008,14,1,ME174057,성산읍
15009,78,3,1008,14,1,ME174057,성산읍
15010,78,3,1008,14,0,ME174057,성산읍
15011,78,3,1008,15,0,ME174057,성산읍
15012,78,3,1008,16,0,ME174057,성산읍
15013,78,3,1008,17,0,ME174057,성산읍
15014,78,3,1008,18,0,ME174057,성산읍
15015,78,3,1008,19,0,ME174057,성산읍
15016,78,3,1008,20,0,ME174057,성산읍
15017,78,3,1008,21,0,ME174057,성산읍
15018,78,3,1008,22,0,ME174057,성산읍
15019,78,3,1008,23,0,ME174057,성산읍
15020,78,4,1009,0,0,ME174057,성산읍
15021,78,4,1009,1,0,ME174057,성산읍
15022,78,4,1009,2,0,ME174057,성산읍
15023,78,4,1009,3,0,ME174057,성산읍
15024,78,4,1009,4,0,ME174057,성산읍
15025,78,4,1009,5,0,ME174057,성산읍
15026,78,4,1009,6,0,ME174057,성산읍
15027,78,4,1009,7,0,ME174057,성산읍
15028,78,4,1009,8,0,ME174057,성산읍
15029,78,4,1009,9,0,ME174057,성산읍
15030,78,4,1009,10,0,ME174057,성산읍
15031,78,4,1009,11,0,ME174057,성산읍
15032,78,4,1009,12,0,ME174057,성산읍
15033,78,4,1009,13,0,ME174057,성산읍
15034,78,4,1009,14,0,ME174057,성산읍
15035,78,4,1009,15,0,ME174057,성산읍
15036,78,4,1009,16,0,ME174057,성산읍
15037,78,4,1009,17,0,ME174057,성산읍
15038,78,4,1009,18,0,ME174057,성산읍
15039,78,4,1009,19,0,ME174057,성산읍
15040,78,4,1009,20,0,ME174057,성산읍
15041,78,4,1009,21,0,ME174057,성산읍
15042,78,4,1009,22,0,ME174057,성산읍
15043,78,4,1009,23,0,ME174057,성산읍
15044,78,5,1010,0,0,ME174057,성산읍
15045,78,5,1010,1,0,ME174057,성산읍
15046,78,5,1010,2,0,ME174057,성산읍
15047,78,5,1010,3,0,ME174057,성산읍
15048,78,5,1010,4,0,ME174057,성산읍
15049,78,5,1010,5,0,ME174057,성산읍
15050,78,5,1010,6,0,ME174057,성산읍
15051,78,5,1010,7,0,ME174057,성산읍
15052,78,5,1010,8,0,ME174057,성산읍
15053,78,5,1010,9,0,ME174057,성산읍
15054,78,5,1010,10,0,ME174057,성산읍
15055,78,5,1010,11,0,ME174057,성산읍
15056,78,5,1010,12,0,ME174057,성산읍
15057,78,5,1010,13,0,ME174057,성산읍
15058,78,5,1010,14,0,ME174057,성산읍
15059,78,5,1010,15,0,ME174057,성산읍
15060,78,5,1010,16,0,ME174057,성산읍
15061,78,5,1010,17,0,ME174057,성산읍
15062,78,5,1010,18,0,ME174057,성산읍
15063,78,5,1010,19,0,ME174057,성산읍
15064,78,5,1010,20,0,ME174057,성산읍
15065,78,5,1010,21,0,ME174057,성산읍
15066,78,5,1010,22,0,ME174057,성산읍
15067,78,5,1010,23,0,ME174057,성산읍
15068,78,6,1011,0,0,ME174057,성산읍
15069,78,6,1011,1,0,ME174057,성산읍
15070,78,6,1011,2,0,ME174057,성산읍
15071,78,6,1011,3,0,ME174057,성산읍
15072,78,6,1011,4,0,ME174057,성산읍
15073,78,6,1011,5,0,ME174057,성산읍
15074,78,6,1011,6,0,ME174057,성산읍
15075,78,6,1011,7,0,ME174057,성산읍
15076,78,6,1011,8,0,ME174057,성산읍
15077,78,6,1011,9,0,ME174057,성산읍
15078,78,6,1011,10,0,ME174057,성산읍
15079,78,6,1011,11,0,ME174057,성산읍
15080,78,6,1011,12,0,ME174057,성산읍
15081,78,6,1011,13,0,ME174057,성산읍
15082,78,6,1011,14,0,ME174057,성산읍
15083,78,6,1011,15,0,ME174057,성산읍
15084,78,6,1011,16,0,ME174057,성산읍
15085,78,6,1011,17,0,ME174057,성산읍
15086,78,6,1011,18,0,ME174057,성산읍
15087,78,6,1011,19,0,ME174057,성산읍
15088,78,6,1011,20,0,ME174057,성산읍
15089,78,6,1011,21,0,ME174057,성산읍
15090,78,6,1011,22,0,ME174057,성산읍
15091,78,6,1011,23,0,ME174057,성산읍
15092,78,0,1012,0,0,ME174057,성산읍
15093,78,0,1012,1,0,ME174057,성산읍
15094,78,0,1012,2,0,ME174057,성산읍
15095,78,0,1012,3,0,ME174057,성산읍
15096,78,0,1012,4,0,ME174057,성산읍
15097,78,0,1012,5,0,ME174057,성산읍
15098,78,0,1012,6,0,ME174057,성산읍
15099,78,0,1012,7,0,ME174057,성산읍
15100,78,0,1012,8,0,ME174057,성산읍
15101,78,0,1012,9,0,ME174057,성산읍
15102,78,0,1012,10,0,ME174057,성산읍
15103,78,0,1012,11,0,ME174057,성산읍
15104,78,0,1012,12,0,ME174057,성산읍
15105,78,0,1012,13,1,ME174057,성산읍
15106,78,0,1012,13,1,ME174057,성산읍
15107,78,0,1012,13,0,ME174057,성산읍
15108,78,0,1012,14,1,ME174057,성산읍
15109,78,0,1012,14,1,ME174057,성산읍
15110,78,0,1012,14,0,ME174057,성산읍
15111,78,0,1012,15,0,ME174057,성산읍
15112,78,0,1012,16,0,ME174057,성산읍
15113,78,0,1012,17,1,ME174057,성산읍
15114,78,0,1012,17,1,ME174057,성산읍
15115,78,0,1012,17,0,ME174057,성산읍
15116,78,0,1012,18,0,ME174057,성산읍
15117,78,0,1012,19,1,ME174057,성산읍
15118,78,0,1012,19,0,ME174057,성산읍
15119,78,0,1012,20,1,ME174057,성산읍
15120,78,0,1012,20,0,ME174057,성산읍
15121,78,0,1012,21,0,ME174057,성산읍
15122,78,0,1012,22,0,ME174057,성산읍
15123,78,0,1012,23,0,ME174057,성산읍
15124,78,1,1013,0,0,ME174057,성산읍
15125,78,1,1013,1,0,ME174057,성산읍
15126,78,1,1013,2,0,ME174057,성산읍
15127,78,1,1013,3,0,ME174057,성산읍
15128,78,1,1013,4,0,ME174057,성산읍
15129,78,1,1013,5,0,ME174057,성산읍
15130,78,1,1013,6,0,ME174057,성산읍
15131,78,1,1013,7,0,ME174057,성산읍
15132,78,1,1013,8,0,ME174057,성산읍
15133,78,1,1013,9,0,ME174057,성산읍
15134,78,1,1013,10,0,ME174057,성산읍
15135,78,1,1013,11,0,ME174057,성산읍
15136,78,1,1013,12,1,ME174057,성산읍
15137,78,1,1013,13,0,ME174057,성산읍
15138,78,1,1013,14,0,ME174057,성산읍
15139,78,1,1013,15,0,ME174057,성산읍
15140,78,1,1013,16,0,ME174057,성산읍
15141,78,1,1013,17,1,ME174057,성산읍
15142,78,1,1013,17,0,ME174057,성산읍
15143,78,1,1013,18,0,ME174057,성산읍
15144,78,1,1013,19,0,ME174057,성산읍
15145,78,1,1013,20,0,ME174057,성산읍
15146,78,1,1013,21,0,ME174057,성산읍
15147,78,1,1013,22,0,ME174057,성산읍
15148,78,1,1013,23,0,ME174057,성산읍
15149,78,2,1014,0,0,ME174057,성산읍
15150,78,2,1014,1,0,ME174057,성산읍
15151,78,2,1014,2,0,ME174057,성산읍
15152,78,2,1014,3,0,ME174057,성산읍
15153,78,2,1014,4,0,ME174057,성산읍
15154,78,2,1014,5,0,ME174057,성산읍
15155,78,2,1014,6,0,ME174057,성산읍
15156,78,2,1014,7,0,ME174057,성산읍
15157,78,2,1014,8,0,ME174057,성산읍
15158,78,2,1014,9,0,ME174057,성산읍
15159,78,2,1014,10,0,ME174057,성산읍
15160,78,2,1014,11,0,ME174057,성산읍
15161,78,2,1014,12,0,ME174057,성산읍
15162,78,2,1014,13,1,ME174057,성산읍
15163,78,2,1014,13,0,ME174057,성산읍
15164,78,2,1014,14,0,ME174057,성산읍
15165,78,2,1014,15,1,ME174057,성산읍
15166,78,2,1014,16,0,ME174057,성산읍
15167,78,2,1014,17,0,ME174057,성산읍
15168,78,2,1014,18,0,ME174057,성산읍
15169,78,2,1014,19,0,ME174057,성산읍
15170,78,2,1014,20,0,ME174057,성산읍
15171,78,2,1014,21,0,ME174057,성산읍
15172,78,2,1014,22,0,ME174057,성산읍
15173,78,2,1014,23,0,ME174057,성산읍
15174,78,3,1015,0,0,ME174057,성산읍
15175,78,3,1015,1,0,ME174057,성산읍
15176,78,3,1015,2,0,ME174057,성산읍
15177,78,3,1015,3,0,ME174057,성산읍
15178,78,3,1015,4,0,ME174057,성산읍
15179,78,3,1015,5,0,ME174057,성산읍
15180,78,3,1015,6,0,ME174057,성산읍
15181,78,3,1015,7,0,ME174057,성산읍
15182,78,3,1015,8,0,ME174057,성산읍
15183,78,3,1015,9,0,ME174057,성산읍
15184,78,3,1015,10,0,ME174057,성산읍
15185,78,3,1015,11,0,ME174057,성산읍
15186,78,3,1015,12,1,ME174057,성산읍
15187,78,3,1015,12,0,ME174057,성산읍
15188,78,3,1015,13,1,ME174057,성산읍
15189,78,3,1015,13,0,ME174057,성산읍
15190,78,3,1015,14,0,ME174057,성산읍
15191,78,3,1015,15,0,ME174057,성산읍
15192,78,3,1015,16,1,ME174057,성산읍
15193,78,3,1015,17,1,ME174057,성산읍
15194,78,3,1015,17,0,ME174057,성산읍
15195,78,3,1015,18,0,ME174057,성산읍
15196,78,3,1015,19,0,ME174057,성산읍
15197,78,3,1015,20,1,ME174057,성산읍
15198,78,3,1015,20,1,ME174057,성산읍
15199,78,3,1015,20,0,ME174057,성산읍
15200,78,3,1015,21,0,ME174057,성산읍
15407,80,0,1012,14,1,ME174061,표선면
15408,80,0,1012,14,0,ME174061,표선면
15409,80,0,1012,15,0,ME174061,표선면
15410,80,0,1012,16,0,ME174061,표선면
15411,80,0,1012,17,0,ME174061,표선면
15412,80,0,1012,18,0,ME174061,표선면
15413,80,0,1012,19,0,ME174061,표선면
15414,80,0,1012,20,0,ME174061,표선면
15415,80,0,1012,21,0,ME174061,표선면
15416,80,0,1012,22,0,ME174061,표선면
15417,80,0,1012,23,0,ME174061,표선면
15418,80,1,1013,0,0,ME174061,표선면
15419,80,1,1013,1,0,ME174061,표선면
15420,80,1,1013,2,0,ME174061,표선면
15421,80,1,1013,3,0,ME174061,표선면
15422,80,1,1013,4,0,ME174061,표선면
15423,80,1,1013,5,0,ME174061,표선면
15424,80,1,1013,6,0,ME174061,표선면
15425,80,1,1013,7,0,ME174061,표선면
15426,80,1,1013,8,0,ME174061,표선면
15427,80,1,1013,9,0,ME174061,표선면
15428,80,1,1013,10,0,ME174061,표선면
15429,80,1,1013,11,0,ME174061,표선면
15430,80,1,1013,12,0,ME174061,표선면
15431,80,1,1013,13,0,ME174061,표선면
15432,80,1,1013,14,0,ME174061,표선면
15433,80,1,1013,15,0,ME174061,표선면
15434,80,1,1013,16,0,ME174061,표선면
15435,80,1,1013,17,0,ME174061,표선면
15436,80,1,1013,18,0,ME174061,표선면
15437,80,1,1013,19,0,ME174061,표선면
15438,80,1,1013,20,0,ME174061,표선면
15439,80,1,1013,21,0,ME174061,표선면
15440,80,1,1013,22,0,ME174061,표선면
15441,80,1,1013,23,0,ME174061,표선면
15442,80,2,1014,0,0,ME174061,표선면
15443,80,2,1014,1,0,ME174061,표선면
15444,80,2,1014,2,0,ME174061,표선면
15445,80,2,1014,3,0,ME174061,표선면
15446,80,2,1014,4,0,ME174061,표선면
15447,80,2,1014,5,0,ME174061,표선면
15448,80,2,1014,6,0,ME174061,표선면
15449,80,2,1014,7,0,ME174061,표선면
15450,80,2,1014,8,0,ME174061,표선면
15451,80,2,1014,9,0,ME174061,표선면
15452,80,2,1014,10,0,ME174061,표선면
15453,80,2,1014,11,0,ME174061,표선면
15454,80,2,1014,12,0,ME174061,표선면
15455,80,2,1014,13,0,ME174061,표선면
15456,80,2,1014,14,0,ME174061,표선면
15457,80,2,1014,15,0,ME174061,표선면
15458,80,2,1014,16,0,ME174061,표선면
15459,80,2,1014,17,0,ME174061,표선면
15460,80,2,1014,18,0,ME174061,표선면
15461,80,2,1014,19,0,ME174061,표선면
15462,80,2,1014,20,0,ME174061,표선면
15463,80,2,1014,21,0,ME174061,표선면
15464,80,2,1014,22,0,ME174061,표선면
15465,80,2,1014,23,0,ME174061,표선면
15466,80,3,1015,0,0,ME174061,표선면
15467,80,3,1015,1,0,ME174061,표선면
15468,80,3,1015,2,0,ME174061,표선면
15469,80,3,1015,3,0,ME174061,표선면
15470,80,3,1015,4,0,ME174061,표선면
15471,80,3,1015,5,0,ME174061,표선면
15472,80,3,1015,6,0,ME174061,표선면
15473,80,3,1015,7,0,ME174061,표선면
15474,80,3,1015,8,0,ME174061,표선면
15475,80,3,1015,9,0,ME174061,표선면
15476,80,3,1015,10,0,ME174061,표선면
15477,80,3,1015,11,0,ME174061,표선면
15478,80,3,1015,12,0,ME174061,표선면
15479,80,3,1015,13,0,ME174061,표선면
15480,80,3,1015,14,0,ME174061,표선면
15481,80,3,1015,15,0,ME174061,표선면
15482,80,3,1015,16,0,ME174061,표선면
15483,80,3,1015,17,0,ME174061,표선면
15484,80,3,1015,18,1,ME174061,표선면
15485,80,3,1015,18,0,ME174061,표선면
15486,80,3,1015,19,0,ME174061,표선면
15487,80,3,1015,20,0,ME174061,표선면
15488,80,3,1015,21,0,ME174061,표선면
15489,80,3,1015,22,0,ME174061,표선면
15490,80,3,1015,23,0,ME174061,표선면
15491,80,4,1016,0,0,ME174061,표선면
15492,80,4,1016,1,0,ME174061,표선면
15493,80,4,1016,2,0,ME174061,표선면
15494,80,4,1016,3,0,ME174061,표선면
15495,80,4,1016,4,0,ME174061,표선면
15496,80,4,1016,5,0,ME174061,표선면
15497,80,4,1016,6,0,ME174061,표선면
15498,80,4,1016,7,0,ME174061,표선면
15499,80,4,1016,8,0,ME174061,표선면
15500,80,4,1016,9,0,ME174061,표선면
15501,80,4,1016,10,0,ME174061,표선면
15502,80,4,1016,11,0,ME174061,표선면
15503,80,4,1016,12,0,ME174061,표선면
15504,80,4,1016,13,0,ME174061,표선면
15505,80,4,1016,14,1,ME174061,표선면
15506,80,4,1016,15,0,ME174061,표선면
20030,103,1,1006,16,1,ME181540,성산읍
20031,103,1,1006,17,0,ME181540,성산읍
20032,103,1,1006,18,0,ME181540,성산읍
20033,103,1,1006,19,0,ME181540,성산읍
20034,103,1,1006,20,1,ME181540,성산읍
20035,103,1,1006,21,1,ME181540,성산읍
20036,103,1,1006,21,1,ME181540,성산읍
20037,103,1,1006,21,0,ME181540,성산읍
20038,103,1,1006,22,1,ME181540,성산읍
20039,103,1,1006,23,1,ME181540,성산읍
20040,103,1,1006,23,0,ME181540,성산읍
20041,103,2,1007,0,1,ME181540,성산읍
20042,103,2,1007,0,0,ME181540,성산읍
20043,103,2,1007,1,0,ME181540,성산읍
20044,103,2,1007,2,0,ME181540,성산읍
20045,103,2,1007,3,0,ME181540,성산읍
20046,103,2,1007,4,0,ME181540,성산읍
20047,103,2,1007,5,0,ME181540,성산읍
20048,103,2,1007,6,0,ME181540,성산읍
20049,103,2,1007,7,0,ME181540,성산읍
20050,103,2,1007,8,0,ME181540,성산읍
20051,103,2,1007,9,1,ME181540,성산읍
20052,103,2,1007,10,0,ME181540,성산읍
20053,103,2,1007,11,0,ME181540,성산읍
20054,103,2,1007,12,1,ME181540,성산읍
20055,103,2,1007,13,0,ME181540,성산읍
20056,103,2,1007,14,0,ME181540,성산읍
20057,103,2,1007,15,0,ME181540,성산읍
20058,103,2,1007,16,1,ME181540,성산읍
20059,103,2,1007,17,1,ME181540,성산읍
20060,103,2,1007,17,0,ME181540,성산읍
20061,103,2,1007,18,0,ME181540,성산읍
20062,103,2,1007,19,1,ME181540,성산읍
20063,103,2,1007,20,1,ME181540,성산읍
20064,103,2,1007,20,0,ME181540,성산읍
20065,103,2,1007,21,1,ME181540,성산읍
20066,103,2,1007,21,0,ME181540,성산읍
20067,103,2,1007,22,0,ME181540,성산읍
20068,103,2,1007,23,1,ME181540,성산읍
20069,103,3,1008,0,0,ME181540,성산읍
20070,103,3,1008,1,0,ME181540,성산읍
20071,103,3,1008,2,0,ME181540,성산읍
20072,103,3,1008,3,0,ME181540,성산읍
20073,103,3,1008,4,0,ME181540,성산읍
20074,103,3,1008,5,0,ME181540,성산읍
20075,103,3,1008,6,1,ME181540,성산읍
20076,103,3,1008,7,1,ME181540,성산읍
20077,103,3,1008,7,0,ME181540,성산읍
20078,103,3,1008,8,0,ME181540,성산읍
20079,103,3,1008,9,1,ME181540,성산읍
20080,103,3,1008,9,1,ME181540,성산읍
20081,103,3,1008,9,0,ME181540,성산읍
20082,103,3,1008,10,0,ME181540,성산읍
20083,103,3,1008,11,0,ME181540,성산읍
20084,103,3,1008,12,1,ME181540,성산읍
20085,103,3,1008,12,0,ME181540,성산읍
20086,103,3,1008,13,0,ME181540,성산읍
20087,103,3,1008,14,1,ME181540,성산읍
20088,103,3,1008,15,0,ME181540,성산읍
20089,103,3,1008,16,0,ME181540,성산읍
20090,103,3,1008,17,0,ME181540,성산읍
20091,103,3,1008,18,0,ME181540,성산읍
20092,103,3,1008,19,0,ME181540,성산읍
20093,103,3,1008,20,0,ME181540,성산읍
20094,103,3,1008,21,0,ME181540,성산읍
20095,103,3,1008,22,0,ME181540,성산읍
20096,103,3,1008,23,0,ME181540,성산읍
20097,103,4,1009,0,0,ME181540,성산읍
20098,103,4,1009,1,0,ME181540,성산읍
20099,103,4,1009,2,0,ME181540,성산읍
20100,103,4,1009,3,0,ME181540,성산읍
20101,103,4,1009,4,0,ME181540,성산읍
20102,103,4,1009,5,0,ME181540,성산읍
20103,103,4,1009,6,0,ME181540,성산읍
20104,103,4,1009,7,0,ME181540,성산읍
20105,103,4,1009,8,0,ME181540,성산읍
20106,103,4,1009,9,0,ME181540,성산읍
20107,103,4,1009,10,0,ME181540,성산읍
20108,103,4,1009,11,0,ME181540,성산읍
20109,103,4,1009,12,0,ME181540,성산읍
20110,103,4,1009,13,0,ME181540,성산읍
20111,103,4,1009,14,0,ME181540,성산읍
20112,103,4,1009,15,0,ME181540,성산읍
20113,103,4,1009,16,0,ME181540,성산읍
20114,103,4,1009,17,0,ME181540,성산읍
20115,103,4,1009,18,0,ME181540,성산읍
20116,103,4,1009,19,0,ME181540,성산읍
20117,103,4,1009,20,0,ME181540,성산읍
20118,103,4,1009,21,0,ME181540,성산읍
20119,103,4,1009,22,0,ME181540,성산읍
20120,103,4,1009,23,0,ME181540,성산읍
20121,103,5,1010,0,0,ME181540,성산읍
20122,103,5,1010,1,0,ME181540,성산읍
20123,103,5,1010,2,0,ME181540,성산읍
20124,103,5,1010,3,0,ME181540,성산읍
20125,103,5,1010,4,0,ME181540,성산읍
20126,103,5,1010,5,0,ME181540,성산읍
20127,103,5,1010,6,0,ME181540,성산읍
20128,103,5,1010,7,0,ME181540,성산읍
20129,103,5,1010,8,0,ME181540,성산읍
20130,103,5,1010,9,0,ME181540,성산읍
20131,103,5,1010,10,0,ME181540,성산읍
20132,103,5,1010,11,0,ME181540,성산읍
20133,103,5,1010,12,0,ME181540,성산읍
20134,103,5,1010,13,0,ME181540,성산읍
20135,103,5,1010,14,0,ME181540,성산읍
20136,103,5,1010,15,0,ME181540,성산읍
20137,103,5,1010,16,0,ME181540,성산읍
20138,103,5,1010,17,0,ME181540,성산읍
20139,103,5,1010,18,0,ME181540,성산읍
20140,103,5,1010,19,0,ME181540,성산읍
20141,103,5,1010,20,0,ME181540,성산읍
20142,103,5,1010,21,0,ME181540,성산읍
20143,103,5,1010,22,0,ME181540,성산읍
20144,103,5,1010,23,0,ME181540,성산읍
20145,103,6,1011,0,0,ME181540,성산읍
20146,103,6,1011,1,0,ME181540,성산읍
20147,103,6,1011,2,0,ME181540,성산읍
20148,103,6,1011,3,0,ME181540,성산읍
20149,103,6,1011,4,0,ME181540,성산읍
20150,103,6,1011,5,0,ME181540,성산읍
20151,103,6,1011,6,0,ME181540,성산읍
20152,103,6,1011,7,0,ME181540,성산읍
20153,103,6,1011,8,0,ME181540,성산읍
20154,103,6,1011,9,0,ME181540,성산읍
20155,103,6,1011,10,0,ME181540,성산읍
20156,103,6,1011,11,0,ME181540,성산읍
20157,103,6,1011,12,0,ME181540,성산읍
20158,103,6,1011,13,0,ME181540,성산읍
20159,103,6,1011,14,0,ME181540,성산읍
20160,103,6,1011,15,0,ME181540,성산읍
20161,103,6,1011,16,0,ME181540,성산읍
20162,103,6,1011,17,0,ME181540,성산읍
20163,103,6,1011,18,0,ME181540,성산읍
20164,103,6,1011,19,0,ME181540,성산읍
20165,103,6,1011,20,0,ME181540,성산읍
20166,103,6,1011,21,0,ME181540,성산읍
20167,103,6,1011,22,0,ME181540,성산읍
20168,103,6,1011,23,0,ME181540,성산읍
20169,103,0,1012,0,0,ME181540,성산읍
20170,103,0,1012,1,0,ME181540,성산읍
20171,103,0,1012,2,0,ME181540,성산읍
20172,103,0,1012,3,0,ME181540,성산읍
20173,103,0,1012,4,0,ME181540,성산읍
20174,103,0,1012,5,0,ME181540,성산읍
20175,103,0,1012,6,0,ME181540,성산읍
20176,103,0,1012,7,0,ME181540,성산읍
20177,103,0,1012,8,0,ME181540,성산읍
20178,103,0,1012,9,0,ME181540,성산읍
20179,103,0,1012,10,0,ME181540,성산읍
20180,103,0,1012,11,0,ME181540,성산읍
20181,103,0,1012,12,0,ME181540,성산읍
20182,103,0,1012,13,0,ME181540,성산읍
20183,103,0,1012,14,1,ME181540,성산읍
20184,103,0,1012,14,0,ME181540,성산읍
20185,103,0,1012,15,1,ME181540,성산읍
20186,103,0,1012,16,0,ME181540,성산읍
20187,103,0,1012,17,0,ME181540,성산읍
20188,103,0,1012,18,0,ME181540,성산읍
20189,103,0,1012,19,0,ME181540,성산읍
20190,103,0,1012,20,0,ME181540,성산읍
20191,103,0,1012,21,1,ME181540,성산읍
20192,103,0,1012,21,0,ME181540,성산읍
20193,103,0,1012,22,0,ME181540,성산읍
20194,103,0,1012,23,0,ME181540,성산읍
20195,103,1,1013,0,0,ME181540,성산읍
20196,103,1,1013,1,0,ME181540,성산읍
20197,103,1,1013,2,0,ME181540,성산읍
20198,103,1,1013,3,0,ME181540,성산읍
20199,103,1,1013,4,0,ME181540,성산읍
20200,103,1,1013,5,0,ME181540,성산읍
20201,103,1,1013,6,0,ME181540,성산읍
20202,103,1,1013,7,0,ME181540,성산읍
20203,103,1,1013,8,0,ME181540,성산읍
20204,103,1,1013,9,0,ME181540,성산읍
20205,103,1,1013,10,1,ME181540,성산읍
20206,103,1,1013,11,1,ME181540,성산읍
20207,103,1,1013,11,0,ME181540,성산읍
20208,103,1,1013,12,0,ME181540,성산읍
20209,103,1,1013,13,0,ME181540,성산읍
20210,103,1,1013,14,1,ME181540,성산읍
20211,103,1,1013,15,0,ME181540,성산읍
20212,103,1,1013,16,0,ME181540,성산읍
20213,103,1,1013,17,1,ME181540,성산읍
20214,103,1,1013,18,0,ME181540,성산읍
20215,103,1,1013,19,0,ME181540,성산읍
20216,103,1,1013,20,1,ME181540,성산읍
20217,103,1,1013,21,0,ME181540,성산읍
20218,103,1,1013,22,0,ME181540,성산읍
20219,103,1,1013,23,0,ME181540,성산읍
20220,103,2,1014,0,0,ME181540,성산읍
20221,103,2,1014,1,0,ME181540,성산읍
20222,103,2,1014,2,0,ME181540,성산읍
20223,103,2,1014,3,0,ME181540,성산읍
20224,103,2,1014,4,0,ME181540,성산읍
20225,103,2,1014,5,0,ME181540,성산읍
20226,103,2,1014,6,0,ME181540,성산읍
20227,103,2,1014,7,0,ME181540,성산읍
20228,103,2,1014,8,0,ME181540,성산읍
20229,103,2,1014,9,0,ME181540,성산읍
20230,103,2,1014,10,0,ME181540,성산읍
20231,103,2,1014,11,0,ME181540,성산읍
20232,103,2,1014,12,0,ME181540,성산읍
20233,103,2,1014,13,0,ME181540,성산읍
20234,103,2,1014,14,0,ME181540,성산읍
20235,103,2,1014,15,0,ME181540,성산읍
20236,103,2,1014,16,0,ME181540,성산읍
20237,103,2,1014,17,0,ME181540,성산읍
20238,103,2,1014,18,0,ME181540,성산읍
20239,103,2,1014,19,0,ME181540,성산읍
20240,103,2,1014,20,0,ME181540,성산읍
20241,103,2,1014,21,0,ME181540,성산읍
20242,103,2,1014,22,0,ME181540,성산읍
20243,103,2,1014,23,0,ME181540,성산읍
20244,103,3,1015,0,0,ME181540,성산읍
20245,103,3,1015,1,0,ME181540,성산읍
20246,103,3,1015,2,0,ME181540,성산읍
20247,103,3,1015,3,0,ME181540,성산읍
20248,103,3,1015,4,0,ME181540,성산읍
20249,103,3,1015,5,0,ME181540,성산읍
20250,103,3,1015,6,0,ME181540,성산읍
20251,103,3,1015,7,0,ME181540,성산읍
20252,103,3,1015,8,0,ME181540,성산읍
20253,103,3,1015,9,0,ME181540,성산읍
20254,103,3,1015,10,0,ME181540,성산읍
20255,103,3,1015,11,0,ME181540,성산읍
20256,103,3,1015,12,0,ME181540,성산읍
20257,103,3,1015,13,0,ME181540,성산읍
20258,103,3,1015,14,0,ME181540,성산읍
20259,103,3,1015,15,0,ME181540,성산읍
20260,103,3,1015,16,0,ME181540,성산읍
20261,103,3,1015,17,0,ME181540,성산읍
20262,103,3,1015,18,1,ME181540,성산읍
20263,103,3,1015,19,0,ME181540,성산읍
20264,103,3,1015,20,1,ME181540,성산읍
20265,103,3,1015,20,0,ME181540,성산읍
20266,103,3,1015,21,0,ME181540,성산읍
20267,103,3,1015,22,1,ME181540,성산읍
20268,103,3,1015,22,0,ME181540,성산읍
20763,106,3,1008,14,1,ME183101,성산읍
20764,106,3,1008,15,0,ME183101,성산읍
20765,106,3,1008,16,0,ME183101,성산읍
20766,106,3,1008,17,0,ME183101,성산읍
20767,106,3,1008,18,0,ME183101,성산읍
20768,106,3,1008,19,0,ME183101,성산읍
20769,106,3,1008,20,0,ME183101,성산읍
20770,106,3,1008,21,0,ME183101,성산읍
20771,106,3,1008,22,0,ME183101,성산읍
20772,106,3,1008,23,0,ME183101,성산읍
20773,106,4,1009,0,0,ME183101,성산읍
20774,106,4,1009,1,0,ME183101,성산읍
20775,106,4,1009,2,0,ME183101,성산읍
20776,106,4,1009,3,0,ME183101,성산읍
20777,106,4,1009,4,0,ME183101,성산읍
20778,106,4,1009,5,0,ME183101,성산읍
20779,106,4,1009,6,0,ME183101,성산읍
20780,106,4,1009,7,0,ME183101,성산읍
20781,106,4,1009,8,0,ME183101,성산읍
20782,106,4,1009,9,0,ME183101,성산읍
20783,106,4,1009,10,0,ME183101,성산읍
20784,106,4,1009,11,0,ME183101,성산읍
20785,106,4,1009,12,0,ME183101,성산읍
20786,106,4,1009,13,0,ME183101,성산읍
20787,106,4,1009,14,0,ME183101,성산읍
20788,106,4,1009,15,0,ME183101,성산읍
20789,106,4,1009,16,0,ME183101,성산읍
20790,106,4,1009,17,0,ME183101,성산읍
20791,106,4,1009,18,0,ME183101,성산읍
20792,106,4,1009,19,0,ME183101,성산읍
20793,106,4,1009,20,0,ME183101,성산읍
20794,106,4,1009,21,0,ME183101,성산읍
20795,106,4,1009,22,0,ME183101,성산읍
20796,106,4,1009,23,0,ME183101,성산읍
20797,106,5,1010,0,0,ME183101,성산읍
20798,106,5,1010,1,0,ME183101,성산읍
20799,106,5,1010,2,0,ME183101,성산읍
20800,106,5,1010,3,0,ME183101,성산읍
20801,106,5,1010,4,0,ME183101,성산읍
20802,106,5,1010,5,0,ME183101,성산읍
20803,106,5,1010,6,0,ME183101,성산읍
20804,106,5,1010,7,0,ME183101,성산읍
20805,106,5,1010,8,0,ME183101,성산읍
20806,106,5,1010,9,0,ME183101,성산읍
20807,106,5,1010,10,0,ME183101,성산읍
20808,106,5,1010,11,0,ME183101,성산읍
20809,106,5,1010,12,0,ME183101,성산읍
20810,106,5,1010,13,0,ME183101,성산읍
20811,106,5,1010,14,0,ME183101,성산읍
20812,106,5,1010,15,0,ME183101,성산읍
20813,106,5,1010,16,0,ME183101,성산읍
20814,106,5,1010,17,0,ME183101,성산읍
20815,106,5,1010,18,0,ME183101,성산읍
20816,106,5,1010,19,0,ME183101,성산읍
20817,106,5,1010,20,0,ME183101,성산읍
20818,106,5,1010,21,0,ME183101,성산읍
20819,106,5,1010,22,0,ME183101,성산읍
20820,106,5,1010,23,0,ME183101,성산읍
20821,106,6,1011,0,0,ME183101,성산읍
20822,106,6,1011,1,0,ME183101,성산읍
20823,106,6,1011,2,0,ME183101,성산읍
20824,106,6,1011,3,0,ME183101,성산읍
20825,106,6,1011,4,0,ME183101,성산읍
20826,106,6,1011,5,0,ME183101,성산읍
20827,106,6,1011,6,0,ME183101,성산읍
20828,106,6,1011,7,0,ME183101,성산읍
20829,106,6,1011,8,0,ME183101,성산읍
20830,106,6,1011,9,0,ME183101,성산읍
20831,106,6,1011,10,0,ME183101,성산읍
20832,106,6,1011,11,0,ME183101,성산읍
20833,106,6,1011,12,0,ME183101,성산읍
20834,106,6,1011,13,0,ME183101,성산읍
20835,106,6,1011,14,0,ME183101,성산읍
20836,106,6,1011,15,0,ME183101,성산읍
20837,106,6,1011,16,0,ME183101,성산읍
20838,106,6,1011,17,0,ME183101,성산읍
20839,106,6,1011,18,0,ME183101,성산읍
20840,106,6,1011,19,0,ME183101,성산읍
20841,106,6,1011,20,0,ME183101,성산읍
20842,106,6,1011,21,0,ME183101,성산읍
20843,106,6,1011,22,0,ME183101,성산읍
20844,106,6,1011,23,0,ME183101,성산읍
20845,106,0,1012,0,0,ME183101,성산읍
20846,106,0,1012,1,0,ME183101,성산읍
20847,106,0,1012,2,0,ME183101,성산읍
20848,106,0,1012,3,0,ME183101,성산읍
20849,106,0,1012,4,0,ME183101,성산읍
20850,106,0,1012,5,0,ME183101,성산읍
20851,106,0,1012,6,0,ME183101,성산읍
20852,106,0,1012,7,0,ME183101,성산읍
20853,106,0,1012,8,0,ME183101,성산읍
20854,106,0,1012,9,0,ME183101,성산읍
20855,106,0,1012,10,0,ME183101,성산읍
20856,106,0,1012,11,0,ME183101,성산읍
20857,106,0,1012,12,0,ME183101,성산읍
20858,106,0,1012,13,0,ME183101,성산읍
20859,106,0,1012,14,0,ME183101,성산읍
20860,106,0,1012,15,0,ME183101,성산읍
20861,106,0,1012,16,0,ME183101,성산읍
20862,106,0,1012,17,0,ME183101,성산읍
20863,106,0,1012,18,0,ME183101,성산읍
20864,106,0,1012,19,0,ME183101,성산읍
20865,106,0,1012,20,0,ME183101,성산읍
20866,106,0,1012,21,0,ME183101,성산읍
20867,106,0,1012,22,0,ME183101,성산읍
20868,106,0,1012,23,0,ME183101,성산읍
20869,106,1,1013,0,0,ME183101,성산읍
20870,106,1,1013,1,0,ME183101,성산읍
20871,106,1,1013,2,0,ME183101,성산읍
20872,106,1,1013,3,0,ME183101,성산읍
20873,106,1,1013,4,0,ME183101,성산읍
20874,106,1,1013,5,0,ME183101,성산읍
20875,106,1,1013,6,0,ME183101,성산읍
20876,106,1,1013,7,0,ME183101,성산읍
20877,106,1,1013,8,1,ME183101,성산읍
20878,106,1,1013,8,0,ME183101,성산읍
20879,106,1,1013,9,0,ME183101,성산읍
20880,106,1,1013,10,0,ME183101,성산읍
20881,106,1,1013,11,0,ME183101,성산읍
20882,106,1,1013,12,0,ME183101,성산읍
20883,106,1,1013,13,1,ME183101,성산읍
20884,106,1,1013,14,0,ME183101,성산읍
20885,107,3,1008,14,1,ME183101,성산읍
20886,107,3,1008,15,0,ME183101,성산읍
20887,107,3,1008,16,0,ME183101,성산읍
20888,107,3,1008,17,0,ME183101,성산읍
20889,107,3,1008,18,0,ME183101,성산읍
20890,107,3,1008,19,0,ME183101,성산읍
20891,107,3,1008,20,0,ME183101,성산읍
20892,107,3,1008,21,0,ME183101,성산읍
20893,107,3,1008,22,0,ME183101,성산읍
20894,107,3,1008,23,0,ME183101,성산읍
20895,107,4,1009,0,0,ME183101,성산읍
20896,107,4,1009,1,0,ME183101,성산읍
20897,107,4,1009,2,0,ME183101,성산읍
20898,107,4,1009,3,0,ME183101,성산읍
20899,107,4,1009,4,0,ME183101,성산읍
20900,107,4,1009,5,0,ME183101,성산읍
20901,107,4,1009,6,0,ME183101,성산읍
20902,107,4,1009,7,0,ME183101,성산읍
20903,107,4,1009,8,0,ME183101,성산읍
20904,107,4,1009,9,0,ME183101,성산읍
20905,107,4,1009,10,0,ME183101,성산읍
20906,107,4,1009,11,0,ME183101,성산읍
20907,107,4,1009,12,0,ME183101,성산읍
20908,107,4,1009,13,0,ME183101,성산읍
20909,107,4,1009,14,0,ME183101,성산읍
20910,107,4,1009,15,0,ME183101,성산읍
20911,107,4,1009,16,0,ME183101,성산읍
20912,107,4,1009,17,0,ME183101,성산읍
20913,107,4,1009,18,0,ME183101,성산읍
20914,107,4,1009,19,0,ME183101,성산읍
20915,107,4,1009,20,0,ME183101,성산읍
20916,107,4,1009,21,0,ME183101,성산읍
20917,107,4,1009,22,0,ME183101,성산읍
20918,107,4,1009,23,0,ME183101,성산읍
20919,107,5,1010,0,0,ME183101,성산읍
20920,107,5,1010,1,0,ME183101,성산읍
20921,107,5,1010,2,0,ME183101,성산읍
20922,107,5,1010,3,0,ME183101,성산읍
20923,107,5,1010,4,0,ME183101,성산읍
20924,107,5,1010,5,0,ME183101,성산읍
20925,107,5,1010,6,0,ME183101,성산읍
20926,107,5,1010,7,0,ME183101,성산읍
20927,107,5,1010,8,0,ME183101,성산읍
20928,107,5,1010,9,0,ME183101,성산읍
20929,107,5,1010,10,0,ME183101,성산읍
20930,107,5,1010,11,0,ME183101,성산읍
20931,107,5,1010,12,0,ME183101,성산읍
20932,107,5,1010,13,0,ME183101,성산읍
20933,107,5,1010,14,0,ME183101,성산읍
20934,107,5,1010,15,0,ME183101,성산읍
20935,107,5,1010,16,0,ME183101,성산읍
20936,107,5,1010,17,0,ME183101,성산읍
20937,107,5,1010,18,0,ME183101,성산읍
20938,107,5,1010,19,0,ME183101,성산읍
20939,107,5,1010,20,0,ME183101,성산읍
20940,107,5,1010,21,0,ME183101,성산읍
20941,107,5,1010,22,0,ME183101,성산읍
20942,107,5,1010,23,0,ME183101,성산읍
20943,107,6,1011,0,0,ME183101,성산읍
20944,107,6,1011,1,0,ME183101,성산읍
20945,107,6,1011,2,0,ME183101,성산읍
20946,107,6,1011,3,0,ME183101,성산읍
20947,107,6,1011,4,0,ME183101,성산읍
20948,107,6,1011,5,0,ME183101,성산읍
20949,107,6,1011,6,0,ME183101,성산읍
20950,107,6,1011,7,0,ME183101,성산읍
20951,107,6,1011,8,0,ME183101,성산읍
20952,107,6,1011,9,0,ME183101,성산읍
20953,107,6,1011,10,0,ME183101,성산읍
20954,107,6,1011,11,0,ME183101,성산읍
20955,107,6,1011,12,0,ME183101,성산읍
20956,107,6,1011,13,0,ME183101,성산읍
20957,107,6,1011,14,0,ME183101,성산읍
20958,107,6,1011,15,0,ME183101,성산읍
20959,107,6,1011,16,0,ME183101,성산읍
20960,107,6,1011,17,0,ME183101,성산읍
20961,107,6,1011,18,0,ME183101,성산읍
20962,107,6,1011,19,0,ME183101,성산읍
20963,107,6,1011,20,0,ME183101,성산읍
20964,107,6,1011,21,0,ME183101,성산읍
20965,107,6,1011,22,0,ME183101,성산읍
20966,107,6,1011,23,0,ME183101,성산읍
20967,107,0,1012,0,0,ME183101,성산읍
20968,107,0,1012,1,0,ME183101,성산읍
20969,107,0,1012,2,0,ME183101,성산읍
20970,107,0,1012,3,0,ME183101,성산읍
20971,107,0,1012,4,0,ME183101,성산읍
20972,107,0,1012,5,0,ME183101,성산읍
20973,107,0,1012,6,0,ME183101,성산읍
20974,107,0,1012,7,0,ME183101,성산읍
20975,107,0,1012,8,0,ME183101,성산읍
20976,107,0,1012,9,0,ME183101,성산읍
20977,107,0,1012,10,0,ME183101,성산읍
20978,107,0,1012,11,0,ME183101,성산읍
20979,107,0,1012,12,0,ME183101,성산읍
20980,107,0,1012,13,0,ME183101,성산읍
20981,107,0,1012,14,0,ME183101,성산읍
20982,107,0,1012,15,0,ME183101,성산읍
20983,107,0,1012,16,0,ME183101,성산읍
20984,107,0,1012,17,0,ME183101,성산읍
20985,107,0,1012,18,0,ME183101,성산읍
20986,107,0,1012,19,0,ME183101,성산읍
20987,107,0,1012,20,0,ME183101,성산읍
20988,107,0,1012,21,0,ME183101,성산읍
20989,107,0,1012,22,0,ME183101,성산읍
20990,107,0,1012,23,0,ME183101,성산읍
20991,107,1,1013,0,0,ME183101,성산읍
20992,107,1,1013,1,0,ME183101,성산읍
20993,107,1,1013,2,0,ME183101,성산읍
20994,107,1,1013,3,0,ME183101,성산읍
20995,107,1,1013,4,0,ME183101,성산읍
20996,107,1,1013,5,0,ME183101,성산읍
20997,107,1,1013,6,0,ME183101,성산읍
20998,107,1,1013,7,0,ME183101,성산읍
20999,107,1,1013,8,1,ME183101,성산읍
21000,107,1,1013,8,0,ME183101,성산읍
21001,107,1,1013,9,0,ME183101,성산읍
21002,107,1,1013,10,0,ME183101,성산읍
21003,107,1,1013,11,0,ME183101,성산읍
21004,107,1,1013,12,0,ME183101,성산읍
21005,107,1,1013,13,1,ME183101,성산읍
21006,107,1,1013,14,0,ME183101,성산읍
21007,108,3,1008,14,1,ME183101,성산읍
21008,108,3,1008,15,0,ME183101,성산읍
21009,108,3,1008,16,0,ME183101,성산읍
21010,108,3,1008,17,0,ME183101,성산읍
21011,108,3,1008,18,0,ME183101,성산읍
21012,108,3,1008,19,0,ME183101,성산읍
21013,108,3,1008,20,0,ME183101,성산읍
21014,108,3,1008,21,0,ME183101,성산읍
21015,108,3,1008,22,0,ME183101,성산읍
21016,108,3,1008,23,0,ME183101,성산읍
21017,108,4,1009,0,0,ME183101,성산읍
21018,108,4,1009,1,0,ME183101,성산읍
21019,108,4,1009,2,0,ME183101,성산읍
21020,108,4,1009,3,0,ME183101,성산읍
21021,108,4,1009,4,0,ME183101,성산읍
21022,108,4,1009,5,0,ME183101,성산읍
21023,108,4,1009,6,0,ME183101,성산읍
21024,108,4,1009,7,0,ME183101,성산읍
21025,108,4,1009,8,0,ME183101,성산읍
21026,108,4,1009,9,0,ME183101,성산읍
21027,108,4,1009,10,0,ME183101,성산읍
21028,108,4,1009,11,0,ME183101,성산읍
21029,108,4,1009,12,0,ME183101,성산읍
21030,108,4,1009,13,0,ME183101,성산읍
21031,108,4,1009,14,0,ME183101,성산읍
21032,108,4,1009,15,0,ME183101,성산읍
21033,108,4,1009,16,0,ME183101,성산읍
21034,108,4,1009,17,0,ME183101,성산읍
21035,108,4,1009,18,0,ME183101,성산읍
21036,108,4,1009,19,0,ME183101,성산읍
21037,108,4,1009,20,0,ME183101,성산읍
21038,108,4,1009,21,0,ME183101,성산읍
21039,108,4,1009,22,0,ME183101,성산읍
21040,108,4,1009,23,0,ME183101,성산읍
21041,108,5,1010,0,0,ME183101,성산읍
21042,108,5,1010,1,0,ME183101,성산읍
21043,108,5,1010,2,0,ME183101,성산읍
21044,108,5,1010,3,0,ME183101,성산읍
21045,108,5,1010,4,0,ME183101,성산읍
21046,108,5,1010,5,0,ME183101,성산읍
21047,108,5,1010,6,0,ME183101,성산읍
21048,108,5,1010,7,0,ME183101,성산읍
21049,108,5,1010,8,0,ME183101,성산읍
21050,108,5,1010,9,0,ME183101,성산읍
21051,108,5,1010,10,0,ME183101,성산읍
21052,108,5,1010,11,0,ME183101,성산읍
21053,108,5,1010,12,0,ME183101,성산읍
21054,108,5,1010,13,0,ME183101,성산읍
21055,108,5,1010,14,0,ME183101,성산읍
21056,108,5,1010,15,0,ME183101,성산읍
21057,108,5,1010,16,0,ME183101,성산읍
21058,108,5,1010,17,0,ME183101,성산읍
21059,108,5,1010,18,0,ME183101,성산읍
21060,108,5,1010,19,0,ME183101,성산읍
21061,108,5,1010,20,0,ME183101,성산읍
21062,108,5,1010,21,0,ME183101,성산읍
21063,108,5,1010,22,0,ME183101,성산읍
21064,108,5,1010,23,0,ME183101,성산읍
21065,108,6,1011,0,0,ME183101,성산읍
21066,108,6,1011,1,0,ME183101,성산읍
21067,108,6,1011,2,0,ME183101,성산읍
21068,108,6,1011,3,0,ME183101,성산읍
21069,108,6,1011,4,0,ME183101,성산읍
21070,108,6,1011,5,0,ME183101,성산읍
21071,108,6,1011,6,0,ME183101,성산읍
21072,108,6,1011,7,0,ME183101,성산읍
21073,108,6,1011,8,0,ME183101,성산읍
21074,108,6,1011,9,0,ME183101,성산읍
21075,108,6,1011,10,0,ME183101,성산읍
21076,108,6,1011,11,0,ME183101,성산읍
21077,108,6,1011,12,0,ME183101,성산읍
21078,108,6,1011,13,0,ME183101,성산읍
21079,108,6,1011,14,0,ME183101,성산읍
21080,108,6,1011,15,0,ME183101,성산읍
21081,108,6,1011,16,0,ME183101,성산읍
21082,108,6,1011,17,0,ME183101,성산읍
21083,108,6,1011,18,0,ME183101,성산읍
21084,108,6,1011,19,0,ME183101,성산읍
21085,108,6,1011,20,0,ME183101,성산읍
21086,108,6,1011,21,0,ME183101,성산읍
21087,108,6,1011,22,0,ME183101,성산읍
21088,108,6,1011,23,0,ME183101,성산읍
21089,108,0,1012,0,0,ME183101,성산읍
21090,108,0,1012,1,0,ME183101,성산읍
21091,108,0,1012,2,0,ME183101,성산읍
21092,108,0,1012,3,0,ME183101,성산읍
21093,108,0,1012,4,0,ME183101,성산읍
21094,108,0,1012,5,0,ME183101,성산읍
21095,108,0,1012,6,0,ME183101,성산읍
21096,108,0,1012,7,0,ME183101,성산읍
21097,108,0,1012,8,0,ME183101,성산읍
21098,108,0,1012,9,0,ME183101,성산읍
21099,108,0,1012,10,0,ME183101,성산읍
21100,108,0,1012,11,0,ME183101,성산읍
21101,108,0,1012,12,0,ME183101,성산읍
21102,108,0,1012,13,0,ME183101,성산읍
21103,108,0,1012,14,0,ME183101,성산읍
21104,108,0,1012,15,0,ME183101,성산읍
21105,108,0,1012,16,0,ME183101,성산읍
21106,108,0,1012,17,0,ME183101,성산읍
21107,108,0,1012,18,0,ME183101,성산읍
21108,108,0,1012,19,0,ME183101,성산읍
21109,108,0,1012,20,0,ME183101,성산읍
21110,108,0,1012,21,0,ME183101,성산읍
21111,108,0,1012,22,0,ME183101,성산읍
21112,108,0,1012,23,0,ME183101,성산읍
21113,108,1,1013,0,0,ME183101,성산읍
21114,108,1,1013,1,0,ME183101,성산읍
21115,108,1,1013,2,0,ME183101,성산읍
21116,108,1,1013,3,0,ME183101,성산읍
21117,108,1,1013,4,0,ME183101,성산읍
21118,108,1,1013,5,0,ME183101,성산읍
21119,108,1,1013,6,0,ME183101,성산읍
21120,108,1,1013,7,0,ME183101,성산읍
21121,108,1,1013,8,1,ME183101,성산읍
21122,108,1,1013,8,0,ME183101,성산읍
21123,108,1,1013,9,0,ME183101,성산읍
21124,108,1,1013,10,0,ME183101,성산읍
21125,108,1,1013,11,0,ME183101,성산읍
21126,108,1,1013,12,0,ME183101,성산읍
21127,108,1,1013,13,1,ME183101,성산읍
21128,108,1,1013,14,0,ME183101,성산읍
21129,109,3,1008,14,1,ME183101,성산읍
21130,109,3,1008,15,0,ME183101,성산읍
21131,109,3,1008,16,0,ME183101,성산읍
21132,109,3,1008,17,0,ME183101,성산읍
21133,109,3,1008,18,0,ME183101,성산읍
21134,109,3,1008,19,0,ME183101,성산읍
21135,109,3,1008,20,0,ME183101,성산읍
21136,109,3,1008,21,0,ME183101,성산읍
21137,109,3,1008,22,0,ME183101,성산읍
21138,109,3,1008,23,0,ME183101,성산읍
21139,109,4,1009,0,0,ME183101,성산읍
21140,109,4,1009,1,0,ME183101,성산읍
21141,109,4,1009,2,0,ME183101,성산읍
21142,109,4,1009,3,0,ME183101,성산읍
21143,109,4,1009,4,0,ME183101,성산읍
21144,109,4,1009,5,0,ME183101,성산읍
21145,109,4,1009,6,0,ME183101,성산읍
21146,109,4,1009,7,0,ME183101,성산읍
21147,109,4,1009,8,0,ME183101,성산읍
21148,109,4,1009,9,0,ME183101,성산읍
21149,109,4,1009,10,0,ME183101,성산읍
21150,109,4,1009,11,0,ME183101,성산읍
21151,109,4,1009,12,0,ME183101,성산읍
21152,109,4,1009,13,0,ME183101,성산읍
21153,109,4,1009,14,0,ME183101,성산읍
21154,109,4,1009,15,0,ME183101,성산읍
21155,109,4,1009,16,0,ME183101,성산읍
21156,109,4,1009,17,0,ME183101,성산읍
21157,109,4,1009,18,0,ME183101,성산읍
21158,109,4,1009,19,0,ME183101,성산읍
21159,109,4,1009,20,0,ME183101,성산읍
21160,109,4,1009,21,0,ME183101,성산읍
21161,109,4,1009,22,0,ME183101,성산읍
21162,109,4,1009,23,0,ME183101,성산읍
21163,109,5,1010,0,0,ME183101,성산읍
21164,109,5,1010,1,0,ME183101,성산읍
21165,109,5,1010,2,0,ME183101,성산읍
21166,109,5,1010,3,0,ME183101,성산읍
21167,109,5,1010,4,0,ME183101,성산읍
21168,109,5,1010,5,0,ME183101,성산읍
21169,109,5,1010,6,0,ME183101,성산읍
21170,109,5,1010,7,0,ME183101,성산읍
21171,109,5,1010,8,0,ME183101,성산읍
21172,109,5,1010,9,0,ME183101,성산읍
21173,109,5,1010,10,0,ME183101,성산읍
21174,109,5,1010,11,0,ME183101,성산읍
21175,109,5,1010,12,0,ME183101,성산읍
21176,109,5,1010,13,0,ME183101,성산읍
21177,109,5,1010,14,0,ME183101,성산읍
21178,109,5,1010,15,0,ME183101,성산읍
21179,109,5,1010,16,0,ME183101,성산읍
21180,109,5,1010,17,0,ME183101,성산읍
21181,109,5,1010,18,0,ME183101,성산읍
21182,109,5,1010,19,0,ME183101,성산읍
21183,109,5,1010,20,0,ME183101,성산읍
21184,109,5,1010,21,0,ME183101,성산읍
21185,109,5,1010,22,0,ME183101,성산읍
21186,109,5,1010,23,0,ME183101,성산읍
21187,109,6,1011,0,0,ME183101,성산읍
21188,109,6,1011,1,0,ME183101,성산읍
21189,109,6,1011,2,0,ME183101,성산읍
21190,109,6,1011,3,0,ME183101,성산읍
21191,109,6,1011,4,0,ME183101,성산읍
21192,109,6,1011,5,0,ME183101,성산읍
21193,109,6,1011,6,0,ME183101,성산읍
21194,109,6,1011,7,0,ME183101,성산읍
21195,109,6,1011,8,0,ME183101,성산읍
21196,109,6,1011,9,0,ME183101,성산읍
21197,109,6,1011,10,0,ME183101,성산읍
21198,109,6,1011,11,0,ME183101,성산읍
21199,109,6,1011,12,0,ME183101,성산읍
21200,109,6,1011,13,0,ME183101,성산읍
21201,109,6,1011,14,0,ME183101,성산읍
21202,109,6,1011,15,0,ME183101,성산읍
21203,109,6,1011,16,0,ME183101,성산읍
21204,109,6,1011,17,0,ME183101,성산읍
21205,109,6,1011,18,0,ME183101,성산읍
21206,109,6,1011,19,0,ME183101,성산읍
21207,109,6,1011,20,0,ME183101,성산읍
21208,109,6,1011,21,0,ME183101,성산읍
21209,109,6,1011,22,0,ME183101,성산읍
21210,109,6,1011,23,0,ME183101,성산읍
21211,109,0,1012,0,0,ME183101,성산읍
21212,109,0,1012,1,0,ME183101,성산읍
21213,109,0,1012,2,0,ME183101,성산읍
21214,109,0,1012,3,0,ME183101,성산읍
21215,109,0,1012,4,0,ME183101,성산읍
21216,109,0,1012,5,0,ME183101,성산읍
21217,109,0,1012,6,0,ME183101,성산읍
21218,109,0,1012,7,0,ME183101,성산읍
21219,109,0,1012,8,0,ME183101,성산읍
21220,109,0,1012,9,0,ME183101,성산읍
21221,109,0,1012,10,0,ME183101,성산읍
21222,109,0,1012,11,0,ME183101,성산읍
21223,109,0,1012,12,0,ME183101,성산읍
21224,109,0,1012,13,0,ME183101,성산읍
21225,109,0,1012,14,0,ME183101,성산읍
21226,109,0,1012,15,0,ME183101,성산읍
21227,109,0,1012,16,0,ME183101,성산읍
21228,109,0,1012,17,0,ME183101,성산읍
21229,109,0,1012,18,0,ME183101,성산읍
21230,109,0,1012,19,0,ME183101,성산읍
21231,109,0,1012,20,0,ME183101,성산읍
21232,109,0,1012,21,0,ME183101,성산읍
21233,109,0,1012,22,0,ME183101,성산읍
21234,109,0,1012,23,0,ME183101,성산읍
21235,109,1,1013,0,0,ME183101,성산읍
21236,109,1,1013,1,0,ME183101,성산읍
21237,109,1,1013,2,0,ME183101,성산읍
21238,109,1,1013,3,0,ME183101,성산읍
21239,109,1,1013,4,0,ME183101,성산읍
21240,109,1,1013,5,0,ME183101,성산읍
21241,109,1,1013,6,0,ME183101,성산읍
21242,109,1,1013,7,0,ME183101,성산읍
21243,109,1,1013,8,1,ME183101,성산읍
21244,109,1,1013,8,0,ME183101,성산읍
21245,109,1,1013,9,0,ME183101,성산읍
21246,109,1,1013,10,0,ME183101,성산읍
21247,109,1,1013,11,0,ME183101,성산읍
21248,109,1,1013,12,0,ME183101,성산읍
21249,109,1,1013,13,1,ME183101,성산읍
21250,109,1,1013,14,0,ME183101,성산읍
